,census_tract,greenCabCount,images,yelloCabCount
0,36047000100,3,20,1
1,36047000200,1,20,0
2,36047000301,0,20,0
3,36047000501,2,18,0
4,36047000502,0,18,0
5,36047000700,0,20,0
6,36047000900,4,20,2
7,36047001100,7,20,1
8,36047001300,8,20,2
9,36047001500,1,20,0
10,36047001800,2,20,0
11,36047002000,2,20,0
12,36047002100,4,20,1
13,36047002200,2,20,0
14,36047002300,1,20,1
15,36047002901,4,20,0
16,36047003000,4,20,0
17,36047003100,5,20,0
18,36047003300,2,20,1
19,36047003400,5,20,0
20,36047003500,0,20,0
21,36047003600,6,20,2
22,36047003700,2,20,2
23,36047003800,13,20,0
24,36047003900,2,20,0
25,36047004100,0,14,0
26,36047004300,0,20,0
27,36047004400,2,20,0
28,36047004500,2,20,0
29,36047004600,2,20,0
30,36047004700,3,20,0
31,36047004900,2,8,0
32,36047005000,13,20,0
33,36047005100,3,20,0
34,36047005201,0,13,0
35,36047005202,6,20,1
36,36047005300,1,20,1
37,36047005400,11,20,0
38,36047005601,4,20,0
39,36047005602,1,20,0
40,36047005800,5,20,0
41,36047005900,1,20,0
42,36047006000,9,20,0
43,36047006200,0,20,0
44,36047006300,0,20,4
45,36047006400,7,20,0
46,36047006500,2,20,0
47,36047006600,2,20,0
48,36047006700,0,20,0
49,36047006800,1,20,2
50,36047006900,0,16,0
51,36047007000,2,20,0
52,36047007100,9,20,1
53,36047007200,3,20,1
54,36047007400,0,20,2
55,36047007500,0,20,0
56,36047007600,0,20,0
57,36047007700,1,20,0
58,36047007800,7,20,0
59,36047008000,1,20,0
60,36047008200,1,20,0
61,36047008400,3,20,0
62,36047008500,3,20,1
63,36047008600,0,6,0
64,36047008800,2,10,0
65,36047009000,0,12,0
66,36047009200,0,10,0
67,36047009400,3,20,0
68,36047009600,0,6,0
69,36047009800,0,16,0
70,36047010000,12,20,0
71,36047010100,2,20,0
72,36047010200,3,20,0
73,36047010400,4,20,0
74,36047010600,9,20,0
75,36047010800,10,20,0
76,36047011000,1,18,0
77,36047011200,2,20,0
78,36047011400,1,20,0
79,36047011600,0,0,0
80,36047011700,2,20,0
81,36047011800,3,20,0
0,36047011900,2,20,1
1,36047012000,2,20,2
2,36047012100,3,20,0
3,36047012200,1,20,0
4,36047012600,7,20,1
5,36047012700,8,20,0
6,36047012801,4,20,0
7,36047012901,2,20,4
8,36047012902,0,12,0
9,36047013000,5,20,0
10,36047013100,2,20,0
11,36047013200,2,20,0
12,36047013300,5,20,4
13,36047013400,1,20,0
14,36047013500,8,18,3
15,36047013600,10,20,0
16,36047013700,1,20,3
17,36047013800,2,20,1
18,36047013900,1,20,0
19,36047014000,3,20,0
20,36047014100,3,20,1
21,36047014200,4,20,1
22,36047014300,1,20,0
23,36047014500,1,20,0
24,36047014700,3,14,0
25,36047014800,0,12,0
26,36047014900,6,20,0
27,36047015000,7,20,0
28,36047015100,0,20,2
29,36047015200,1,20,0
30,36047015300,2,12,1
31,36047015400,1,20,0
32,36047015500,0,14,1
33,36047015700,5,20,1
34,36047015900,2,20,2
35,36047016000,5,20,1
36,36047016100,7,20,0
37,36047016200,1,20,0
38,36047016300,1,20,0
39,36047016400,2,20,0
40,36047016500,2,6,0
41,36047016600,0,20,0
42,36047016700,0,12,0
43,36047016800,1,20,0
44,36047016900,5,20,0
45,36047017000,0,20,0
46,36047017100,5,20,1
47,36047017200,2,20,0
48,36047017400,7,20,2
49,36047017500,5,16,0
50,36047017600,3,20,0
51,36047017700,1,20,0
52,36047017800,0,20,1
53,36047017900,17,20,3
54,36047018000,5,20,0
55,36047018100,1,20,0
56,36047018200,2,20,2
57,36047018300,0,16,0
58,36047018400,2,20,0
59,36047018501,1,20,1
60,36047018600,0,16,0
61,36047018700,4,20,0
62,36047018800,2,20,0
63,36047019000,0,20,0
64,36047019100,0,20,0
65,36047019200,2,20,0
66,36047019300,2,20,0
67,36047019400,0,20,0
68,36047019500,0,16,2
69,36047019600,3,16,0
70,36047019700,0,20,0
71,36047019800,2,7,0
72,36047019900,2,20,3
73,36047020000,18,20,0
74,36047020100,0,20,0
75,36047020200,3,20,2
76,36047020300,4,20,2
77,36047020400,0,17,0
78,36047020500,2,14,0
79,36047020600,4,17,2
80,36047020700,7,20,0
81,36047020800,2,20,0
82,36047021000,1,14,0
83,36047021100,0,2,0
84,36047021200,3,20,0
85,36047021300,1,20,0
86,36047021400,3,20,0
87,36047021500,6,20,0
88,36047021600,0,20,3
89,36047021700,1,10,0
90,36047021800,6,20,0
91,36047021900,3,20,0
92,36047022000,4,20,1
93,36047022100,0,20,0
94,36047022200,3,20,3
95,36047022400,0,18,3
96,36047022600,1,20,0
97,36047022700,1,20,0
98,36047022800,4,20,2
99,36047022900,2,20,0
100,36047023000,2,10,0
101,36047023100,4,20,0
102,36047023200,2,20,0
103,36047023300,3,20,0
104,36047023400,8,20,0
105,36047023500,3,16,0
106,36047023600,0,12,0
107,36047023800,4,18,0
108,36047024000,4,20,0
109,36047024100,5,20,0
110,36047024200,1,20,0
111,36047024300,0,9,0
112,36047024400,3,20,0
113,36047024500,1,8,0
114,36047024600,8,20,0
115,36047024700,5,20,0
116,36047024800,7,16,3
117,36047024900,0,20,0
118,36047025000,2,20,2
119,36047025100,3,20,1
120,36047025200,3,20,3
121,36047025300,2,12,0
122,36047025400,5,20,0
123,36047025500,6,20,0
124,36047025600,0,16,0
125,36047025700,5,20,0
126,36047025800,5,20,0
127,36047025901,3,12,0
128,36047025902,2,20,0
129,36047026000,4,14,0
130,36047026100,0,20,0
131,36047026200,0,20,0
132,36047026300,0,14,0
133,36047026400,0,20,0
134,36047026500,3,20,0
135,36047026600,6,16,0
136,36047026700,2,20,0
137,36047026800,4,20,0
138,36047026900,0,8,1
139,36047027000,1,14,0
140,36047027100,2,20,0
141,36047027200,2,12,0
142,36047027300,1,20,0
143,36047027400,0,13,0
144,36047027500,0,18,0
145,36047027600,0,16,0
146,36047027700,0,10,0
147,36047027800,0,14,1
148,36047027900,0,15,0
149,36047028000,3,20,4
150,36047028100,6,20,0
151,36047028200,3,20,0
152,36047028300,4,20,2
153,36047028400,0,20,0
154,36047028501,2,20,0
155,36047028502,0,20,0
156,36047028600,1,20,0
157,36047028700,7,20,2
158,36047028800,1,10,2
159,36047028900,3,20,0
160,36047029000,2,20,0
161,36047029100,1,20,0
162,36047029200,1,20,0
163,36047029300,9,20,0
164,36047029400,4,20,0
165,36047029500,1,20,0
166,36047029600,3,20,2
167,36047029700,0,14,0
168,36047029800,3,20,0
169,36047029900,0,20,0
170,36047030000,14,20,1
171,36047030100,0,20,0
172,36047030200,6,20,0
173,36047030300,4,20,0
174,36047030400,1,20,1
175,36047030500,1,20,0
176,36047030600,1,20,0
177,36047030700,2,20,0
178,36047030800,4,20,2
179,36047030900,1,20,2
180,36047031100,1,20,0
181,36047031300,1,20,4
182,36047031400,5,20,0
183,36047031500,3,20,0
184,36047031701,0,4,0
185,36047031702,2,20,0
186,36047031900,0,20,8
187,36047032100,0,20,0
188,36047032300,0,20,0
189,36047032500,0,20,0
190,36047032600,5,20,1
191,36047032700,4,17,0
192,36047032800,0,20,2
193,36047032900,5,20,0
194,36047033000,1,20,0
195,36047033100,2,17,1
196,36047033300,4,20,0
197,36047033500,6,20,0
198,36047033600,1,20,0
199,36047033700,1,20,0
200,36047033900,2,18,0
201,36047034000,0,12,0
202,36047034100,0,16,0
203,36047034200,2,20,0
204,36047034300,2,20,1
205,36047034500,4,20,1
206,36047034700,4,17,0
207,36047034800,2,20,0
208,36047034900,1,10,0
209,36047035000,9,13,0
210,36047035100,4,12,0
211,36047035200,2,20,0
212,36047035300,1,15,0
213,36047035400,2,20,0
214,36047035500,9,20,0
215,36047035601,0,20,0
216,36047035602,0,20,1
217,36047035700,3,20,0
218,36047035900,7,20,0
219,36047036001,0,20,0
220,36047036002,1,12,0
221,36047036100,4,20,1
222,36047036200,6,20,3
223,36047036300,2,20,0
224,36047036400,23,20,0
225,36047036501,0,20,0
226,36047036502,1,20,0
227,36047036600,4,20,0
228,36047036700,0,20,0
229,36047036900,2,20,0
230,36047037000,6,20,0
231,36047037100,0,20,0
232,36047037300,0,20,0
233,36047037401,7,20,0
234,36047037402,5,20,0
235,36047037500,1,18,1
236,36047037700,1,20,0
237,36047037900,2,20,0
238,36047038100,1,20,0
239,36047038200,1,20,0
240,36047038300,0,14,0
241,36047038500,0,20,0
242,36047038600,3,20,0
243,36047038700,0,20,0
244,36047038800,6,20,1
245,36047038900,1,20,2
246,36047039000,1,20,0
247,36047039100,2,20,1
248,36047039200,0,20,0
249,36047039300,1,20,1
250,36047039400,1,20,0
251,36047039500,2,20,0
252,36047039600,1,16,0
253,36047039700,8,20,0
254,36047039800,3,20,1
255,36047039900,2,12,0
256,36047040000,2,20,0
257,36047040100,1,20,0
258,36047040200,6,20,1
259,36047040300,1,20,2
260,36047040400,2,20,0
261,36047040500,2,20,0
262,36047040600,0,16,0
263,36047040700,3,5,0
264,36047040800,4,11,2
265,36047040900,0,8,0
266,36047041000,1,10,0
267,36047041100,0,20,2
268,36047041200,2,20,1
269,36047041300,4,20,0
270,36047041401,3,20,0
271,36047041402,0,20,0
272,36047041500,4,20,0
273,36047041600,0,20,0
274,36047041700,3,20,0
275,36047041800,1,20,0
276,36047041900,8,20,2
277,36047042000,3,17,0
278,36047042100,0,14,0
279,36047042200,6,20,1
280,36047042300,4,20,3
281,36047042400,10,20,4
282,36047042500,2,20,0
283,36047042600,0,20,0
284,36047042700,3,20,0
285,36047042800,2,13,0
286,36047042900,0,18,0
287,36047043000,2,20,0
288,36047043100,0,19,1
289,36047043200,1,10,0
290,36047043300,12,20,0
291,36047043400,0,20,0
292,36047043500,0,14,1
293,36047043600,0,8,0
294,36047043700,1,16,1
295,36047043800,5,20,1
296,36047043900,6,20,0
297,36047044000,0,20,0
298,36047044100,4,20,1
299,36047044200,0,12,0
300,36047044300,0,20,0
301,36047044400,0,17,0
302,36047044500,0,20,0
303,36047044600,4,20,0
304,36047044700,1,20,3
305,36047044800,0,20,0
306,36047044900,2,20,1
307,36047045000,2,20,0
308,36047045200,1,18,0
309,36047045300,2,20,0
310,36047045400,7,20,0
311,36047045600,1,16,0
312,36047045800,3,20,0
313,36047046000,0,20,0
314,36047046201,3,19,0
315,36047046202,16,20,0
316,36047046400,8,20,0
317,36047046800,1,20,4
318,36047047000,2,20,0
319,36047047200,1,20,0
320,36047047400,1,20,0
321,36047047600,2,20,0
322,36047047700,0,20,0
323,36047047800,13,20,0
324,36047048000,8,20,3
325,36047048100,3,20,0
326,36047048200,2,20,0
327,36047048400,5,20,0
328,36047048500,3,20,0
329,36047048600,3,20,0
330,36047048800,0,20,0
331,36047048900,0,20,1
332,36047049000,3,20,1
333,36047049100,5,20,2
334,36047049200,1,20,0
335,36047049300,5,20,0
336,36047049400,0,12,0
337,36047049500,1,20,2
338,36047049600,1,20,1
339,36047049700,2,20,2
340,36047049800,11,20,1
341,36047049900,1,20,0
342,36047050000,3,20,1
343,36047050100,0,20,0
344,36047050202,4,20,0
345,36047050300,0,20,1
346,36047050400,2,20,0
347,36047050500,6,20,0
348,36047050600,1,16,0
349,36047050700,1,20,1
350,36047050801,0,2,0
351,36047050803,1,14,0
352,36047050804,2,19,0
353,36047050900,4,20,0
354,36047051001,0,8,2
355,36047051002,6,20,2
356,36047051100,4,15,0
357,36047051200,1,20,0
358,36047051300,1,20,3
359,36047051400,0,16,0
360,36047051500,2,20,0
361,36047051601,2,20,2
362,36047051602,0,14,1
363,36047051700,0,15,0
364,36047051800,0,20,0
365,36047051900,1,20,3
366,36047052000,1,20,1
367,36047052300,1,20,0
368,36047052500,2,20,1
369,36047052600,1,20,0
370,36047052700,2,20,0
371,36047052800,0,20,0
372,36047052900,4,20,0
373,36047053000,7,20,0
374,36047053100,3,20,0
375,36047053200,0,20,0
376,36047053300,1,20,3
377,36047053400,2,20,0
378,36047053500,2,20,0
379,36047053700,5,20,0
380,36047053800,4,20,2
381,36047053900,1,20,0
382,36047054200,0,16,1
383,36047054300,0,20,0
384,36047054400,1,14,0
385,36047054500,4,20,0
386,36047054600,1,20,4
387,36047054700,5,20,0
388,36047054800,0,20,0
389,36047054900,5,20,2
390,36047055000,3,20,0
391,36047055100,1,20,1
392,36047055200,3,20,0
393,36047055300,1,20,3
394,36047055400,4,20,0
395,36047055500,1,20,2
396,36047055600,0,16,0
397,36047055700,1,20,1
398,36047055800,0,20,0
399,36047056000,0,20,0
400,36047056100,4,20,0
401,36047056200,1,10,0
402,36047056300,0,20,0
403,36047056400,18,20,0
404,36047056500,0,20,0
405,36047056600,4,20,0
406,36047056800,7,20,0
407,36047056900,2,20,0
408,36047057000,14,20,0
409,36047057100,3,20,0
410,36047057200,1,20,0
411,36047057300,0,20,0
412,36047057400,10,20,0
413,36047057500,3,20,5
414,36047057600,6,20,3
415,36047057800,0,16,3
416,36047057900,3,20,2
417,36047058000,0,16,0
418,36047058200,0,20,2
419,36047058400,3,20,0
420,36047058600,2,20,0
421,36047058800,2,20,0
422,36047058900,2,20,0
423,36047059000,2,20,0
424,36047059100,1,20,0
425,36047059200,8,20,0
426,36047059300,5,20,2
427,36047059401,0,20,3
428,36047059402,1,20,0
429,36047059600,2,15,3
430,36047059800,10,20,0
431,36047060000,5,20,0
432,36047060600,3,20,0
433,36047060800,3,20,0
434,36047061002,2,20,0
435,36047061003,4,20,0
436,36047061004,4,20,0
437,36047061200,2,20,0
438,36047061600,0,20,0
439,36047062000,2,20,0
440,36047062200,1,20,2
441,36047062600,9,20,1
442,36047062800,0,20,0
443,36047063200,5,20,0
444,36047063600,13,20,0
445,36047063800,4,20,2
446,36047064000,5,20,0
447,36047064200,0,20,2
448,36047064400,2,20,0
449,36047064600,12,20,0
450,36047064800,15,20,1
451,36047065000,6,20,1
452,36047065200,3,20,0
453,36047065400,0,10,0
454,36047065600,6,20,0
455,36047065800,6,20,1
456,36047066000,1,20,1
457,36047066200,2,20,0
458,36047066600,1,20,0
459,36047067000,3,20,3
460,36047067200,7,20,1
461,36047067400,10,20,0
462,36047067600,7,20,0
463,36047067800,1,20,1
464,36047068000,7,20,0
465,36047068200,7,20,0
466,36047068600,1,20,0
467,36047068800,13,20,0
468,36047069000,3,16,0
469,36047069200,1,20,0
470,36047069601,1,20,0
471,36047069602,4,20,0
472,36047069800,1,20,0
473,36047070000,1,20,0
474,36047070201,4,20,0
475,36047070202,0,20,0
476,36047070203,0,20,0
477,36047070600,0,20,0
478,36047072000,8,20,0
479,36047072200,21,20,0
480,36047072400,5,20,0
481,36047072600,1,20,0
482,36047072800,12,20,0
483,36047073000,3,20,0
484,36047073200,1,20,0
485,36047073400,0,8,0
486,36047073600,9,20,0
487,36047073800,12,20,0
488,36047074000,0,20,0
489,36047074200,1,20,0
490,36047074400,4,20,3
491,36047074600,4,20,1
492,36047074800,0,10,0
493,36047075000,0,20,0
494,36047075200,0,20,0
495,36047075400,0,6,0
496,36047075600,0,20,0
497,36047075800,5,20,0
498,36047076000,0,10,0
499,36047076200,0,20,0
0,36047076400,0,20,0
1,36047076600,6,20,0
2,36047076800,2,20,0
3,36047077000,1,14,0
4,36047077200,0,20,0
5,36047077400,3,20,0
6,36047077600,4,20,0
7,36047078000,4,20,0
8,36047078200,1,11,0
9,36047078400,0,20,0
10,36047078600,1,18,0
11,36047078800,3,8,0
12,36047079000,3,20,0
13,36047079200,0,20,0
14,36047079400,1,20,0
15,36047079601,8,20,1
16,36047079602,0,16,1
17,36047079801,0,2,0
18,36047079802,0,13,0
19,36047080000,0,20,0
20,36047080200,0,10,0
21,36047080400,0,8,0
22,36047080600,0,20,0
23,36047080800,4,20,0
24,36047081000,2,20,3
25,36047081400,5,20,1
26,36047081600,1,20,0
27,36047081800,4,20,0
28,36047082000,0,4,0
29,36047082200,0,4,0
30,36047082400,8,20,0
31,36047082600,2,20,0
32,36047082800,0,20,0
33,36047083000,3,20,0
34,36047083200,0,10,0
35,36047083400,4,20,0
36,36047083600,7,20,0
37,36047083800,7,20,0
38,36047084000,9,20,1
39,36047084600,3,20,0
40,36047084800,5,20,0
41,36047085000,0,20,0
42,36047085200,0,12,0
43,36047085400,9,20,0
44,36047085600,0,18,0
45,36047085800,0,11,0
46,36047086000,3,20,0
47,36047086200,0,7,0
48,36047086400,1,20,0
49,36047086600,5,20,0
50,36047086800,0,20,0
51,36047087000,3,20,0
52,36047087200,0,20,0
53,36047087401,3,20,0
54,36047087600,2,19,1
55,36047087800,8,20,0
56,36047088000,6,20,0
57,36047088200,2,20,0
58,36047088400,2,20,0
59,36047088600,0,20,0
60,36047088800,1,19,0
61,36047089000,1,20,0
62,36047089200,2,20,0
63,36047089400,5,20,0
64,36047089600,2,20,0
65,36047089800,0,20,0
66,36047090000,8,20,0
67,36047090200,2,20,0
68,36047090600,5,20,0
69,36047090800,4,20,0
70,36047091000,3,20,1
71,36047091200,4,20,0
72,36047091600,0,20,0
73,36047091800,0,20,1
74,36047092000,0,20,0
75,36047092200,2,20,0
76,36047092400,3,20,0
77,36047092800,1,20,0
78,36047093000,4,20,0
79,36047093200,4,20,0
80,36047093400,4,20,1
81,36047093600,6,20,0
82,36047093800,0,20,0
83,36047094401,4,20,0
84,36047094402,3,20,0
85,36047094600,3,20,2
86,36047095000,7,20,0
87,36047095400,4,20,0
88,36047095600,8,20,0
89,36047095800,6,20,0
90,36047096000,2,20,0
91,36047096200,7,20,0
92,36047096400,2,20,0
93,36047096600,3,20,0
94,36047096800,2,20,0
95,36047097000,8,20,0
96,36047097400,1,20,1
97,36047098200,2,20,0
98,36047098400,8,20,0
99,36047098600,6,20,0
100,36047098800,4,20,0
101,36047099000,4,20,0
102,36047099200,3,20,0
103,36047099400,3,20,3
104,36047099600,0,20,0
105,36047099800,1,20,0
106,36047100400,2,20,0
107,36047100600,4,20,0
108,36047100800,1,20,0
109,36047101000,1,20,0
110,36047101200,1,20,0
111,36047101400,3,20,0
112,36047101600,11,20,2
113,36047101800,2,20,2
114,36047102000,8,20,0
115,36047102200,3,20,0
116,36047102400,2,20,0
117,36047102600,0,20,0
118,36047102800,3,20,0
119,36047103400,4,20,1
120,36047105801,2,20,0
121,36047105804,2,20,1
122,36047107000,1,20,0
123,36047107800,9,20,1
124,36047109800,1,20,0
125,36047110400,3,20,0
126,36047110600,1,20,0
127,36047111000,2,20,1
128,36047111600,4,20,0
129,36047111800,3,20,2
130,36047112000,0,20,1
131,36047112200,7,20,0
132,36047112400,4,20,0
133,36047112600,2,20,0
134,36047112800,0,20,2
135,36047113000,2,20,0
136,36047113200,0,20,0
137,36047113400,1,20,0
138,36047114201,1,20,0
139,36047114202,4,20,0
140,36047114400,2,20,0
141,36047114600,1,20,0
142,36047115000,2,20,0
143,36047115200,1,20,0
144,36047115600,3,20,0
145,36047115800,0,20,0
146,36047116000,0,20,0
147,36047116200,0,20,0
148,36047116400,0,20,0
149,36047116600,0,20,0
150,36047116800,4,20,0
151,36047117000,0,20,2
152,36047117201,0,20,2
153,36047117202,0,20,0
154,36047117400,2,20,0
155,36047117601,8,20,1
156,36047117602,1,20,0
157,36047117800,3,20,0
158,36047118000,0,20,0
159,36047118201,5,20,2
160,36047118202,3,20,0
161,36047118400,1,20,0
162,36047118600,2,20,0
163,36047118800,2,20,1
164,36047119000,1,20,0
165,36047119200,8,20,0
166,36047119400,1,20,0
167,36047119600,1,20,0
168,36047119800,1,20,1
169,36047120000,1,20,0
170,36047120200,1,20,0
171,36047120800,1,20,0
172,36047121000,11,20,0
173,36047121400,0,20,0
174,36047122000,2,20,0
175,36047123700,2,20,2
176,36047150200,3,20,1
177,36047152200,0,20,0
178,36061000100,0,20,0
179,36061000201,0,8,0
180,36061000202,3,20,1
181,36061000500,2,20,0
182,36061000600,0,20,1
183,36061000700,1,20,3
184,36061000800,1,20,0
185,36061000900,0,20,2
186,36061001001,0,20,0
187,36061001002,9,20,0
188,36061001200,5,20,0
189,36061001300,1,20,1
190,36061001401,0,20,0
191,36061001402,3,20,0
192,36061001501,4,20,3
193,36061001502,1,20,1
194,36061001600,2,20,0
195,36061001800,2,20,1
196,36061002000,3,20,3
197,36061002100,4,20,4
198,36061002201,0,20,5
199,36061002202,4,20,6
200,36061002400,2,20,0
201,36061002500,8,20,2
202,36061002601,9,20,0
203,36061002602,5,20,0
204,36061002700,4,20,1
205,36061002800,4,20,1
206,36061002900,1,20,2
207,36061003001,1,20,8
208,36061003002,1,20,2
209,36061003100,5,20,0
210,36061003200,2,20,1
211,36061003300,2,20,1
212,36061003400,3,20,3
213,36061003601,1,20,0
214,36061003602,5,20,1
215,36061003700,2,20,5
216,36061003800,3,20,4
217,36061003900,3,20,1
218,36061004000,1,16,5
219,36061004100,2,20,2
220,36061004200,0,6,1
0,36061004300,1,20,3
1,36061004400,4,20,1
2,36061004500,3,20,0
3,36061004700,5,20,0
4,36061004800,2,20,2
5,36061004900,4,20,8
6,36061005000,2,20,2
7,36061005200,5,20,11
8,36061005400,0,8,2
9,36061005501,3,20,5
10,36061005502,1,20,0
11,36061005600,3,20,7
12,36061005700,1,20,3
13,36061005800,0,18,5
14,36061005900,0,20,0
15,36061006000,1,20,1
16,36061006100,0,20,4
17,36061006200,0,20,1
18,36061006300,0,17,4
19,36061006400,2,20,1
20,36061006500,0,20,0
21,36061006600,4,20,5
22,36061006700,3,20,4
23,36061006800,0,20,1
24,36061006900,2,20,3
25,36061007000,0,14,2
26,36061007100,1,20,3
27,36061007200,0,20,14
28,36061007300,3,20,0
29,36061007400,0,20,13
30,36061007500,3,20,1
31,36061007600,4,20,3
32,36061007700,1,20,0
33,36061007800,1,20,2
34,36061007900,2,20,2
35,36061008000,2,20,5
36,36061008100,1,15,7
37,36061008200,8,20,7
38,36061008300,2,20,7
39,36061008400,0,7,1
40,36061008601,3,20,0
41,36061008602,0,20,1
42,36061008603,3,20,2
43,36061008700,0,12,3
44,36061008800,2,20,2
45,36061008900,3,20,11
46,36061009000,0,20,8
47,36061009100,3,20,4
48,36061009200,0,20,6
49,36061009300,3,20,9
50,36061009400,2,20,8
51,36061009500,0,16,13
52,36061009600,1,4,3
53,36061009700,0,20,1
54,36061009800,9,20,2
55,36061009900,3,20,1
56,36061010000,4,20,7
57,36061010100,6,18,12
58,36061010200,6,20,9
59,36061010300,3,20,0
60,36061010400,5,10,1
61,36061010601,0,20,1
62,36061010602,3,20,4
63,36061010800,0,20,3
64,36061010900,2,20,5
65,36061011000,5,20,4
66,36061011100,3,20,3
67,36061011201,0,11,3
68,36061011202,2,20,10
69,36061011203,0,20,4
70,36061011300,2,20,4
71,36061011401,1,20,10
72,36061011402,0,20,3
73,36061011500,5,20,1
74,36061011600,13,20,1
75,36061011700,0,20,2
76,36061011800,1,20,3
77,36061011900,6,20,7
78,36061012000,3,20,8
79,36061012100,0,12,0
80,36061012200,3,20,13
81,36061012400,5,20,1
82,36061012500,5,20,6
83,36061012600,4,20,2
84,36061012700,6,18,4
85,36061012800,0,20,4
86,36061012900,1,19,4
87,36061013000,2,20,7
88,36061013100,0,20,3
89,36061013200,2,20,4
90,36061013300,4,14,3
91,36061013400,0,20,6
92,36061013500,0,20,3
93,36061013600,4,20,0
94,36061013700,1,20,5
95,36061013800,2,20,2
96,36061013900,5,18,8
97,36061014000,2,20,3
98,36061014200,1,20,6
99,36061014300,1,20,0
100,36061014401,0,2,1
101,36061014402,4,20,2
102,36061014500,0,20,10
103,36061014601,0,12,0
104,36061014602,1,12,0
105,36061014700,3,11,2
106,36061014801,0,4,2
107,36061014802,5,20,0
108,36061014900,0,20,6
109,36061015001,0,12,0
110,36061015002,4,20,3
111,36061015100,6,20,0
112,36061015200,6,20,0
113,36061015300,1,20,4
114,36061015400,1,20,0
115,36061015500,7,20,5
116,36061015601,1,7,1
117,36061015602,0,19,7
118,36061015700,3,20,0
119,36061015801,2,20,8
120,36061015802,0,6,2
121,36061015900,1,20,4
122,36061016001,2,20,6
123,36061016002,1,11,0
124,36061016100,0,7,3
125,36061016200,1,20,0
126,36061016300,2,20,0
127,36061016400,1,20,0
128,36061016500,7,20,3
129,36061016600,7,20,1
130,36061016700,2,20,1
131,36061016800,6,20,0
132,36061016900,3,20,1
133,36061017000,3,20,0
134,36061017100,5,20,1
135,36061017200,5,20,1
136,36061017300,5,18,2
137,36061017401,5,20,1
138,36061017402,5,20,0
139,36061017500,0,20,3
140,36061017700,8,20,5
141,36061017800,2,20,1
142,36061017900,1,20,2
143,36061018000,2,20,1
144,36061018100,0,7,1
145,36061018200,9,20,0
146,36061018300,5,20,1
147,36061018400,3,20,0
148,36061018500,0,2,0
149,36061018600,2,20,0
150,36061018700,4,20,0
151,36061018800,2,20,0
152,36061018900,6,20,3
153,36061019000,0,18,0
154,36061019100,3,20,0
155,36061019200,2,20,1
156,36061019300,2,20,3
157,36061019400,4,20,0
158,36061019500,4,20,1
159,36061019600,7,20,0
160,36061019701,7,16,0
161,36061019702,0,20,0
162,36061019800,3,20,0
163,36061019900,2,20,0
164,36061020000,6,20,0
165,36061020101,1,3,0
166,36061020102,0,20,0
167,36061020300,7,20,0
168,36061020500,2,20,0
169,36061020600,2,20,0
170,36061020701,2,6,0
171,36061020800,0,13,0
172,36061020901,0,20,0
173,36061021000,2,20,0
174,36061021100,4,20,2
175,36061021200,7,20,0
176,36061021303,3,20,0
177,36061021400,2,20,0
178,36061021500,1,2,0
179,36061021600,1,20,1
180,36061021703,9,20,1
181,36061021800,7,20,3
182,36061021900,7,20,3
183,36061022000,1,20,0
184,36061022102,2,20,0
185,36061022200,1,20,1
186,36061022301,2,20,4
187,36061022302,3,20,1
188,36061022400,3,20,0
189,36061022500,5,20,0
190,36061022600,2,20,0
191,36061022700,0,20,1
192,36061022800,6,20,1
193,36061022900,5,20,0
194,36061023000,4,20,2
195,36061023100,1,20,2
196,36061023200,10,20,0
197,36061023300,1,20,0
198,36061023400,3,20,0
199,36061023501,0,20,0
200,36061023502,0,8,0
201,36061023600,1,20,0
202,36061023700,1,20,0
203,36061023801,1,20,0
204,36061023802,3,20,0
205,36061023900,2,16,1
206,36061024000,0,20,0
207,36061024100,0,20,0
208,36061024200,1,20,0
209,36061024301,8,20,0
210,36061024302,5,20,0
211,36061024500,0,20,0
212,36061024700,5,20,0
213,36061024900,2,10,0
214,36061025100,0,20,0
215,36061025300,1,20,0
216,36061025500,5,20,0
217,36061025700,1,20,1
218,36061025900,0,18,0
219,36061026100,2,20,0
220,36061026300,3,20,0
221,36061026500,1,20,0
222,36061026700,0,0,0
223,36061026900,3,20,1
224,36061027100,1,20,1
225,36061027300,13,20,0
226,36061027500,3,20,0
227,36061027700,15,20,1
228,36061027900,1,20,0
229,36061028100,19,20,0
230,36061028300,11,20,1
231,36061028500,3,19,2
232,36061028700,1,20,2
233,36061029100,1,11,0
234,36061029300,0,20,0
235,36061029500,1,20,0
236,36061029700,1,20,0
237,36061029900,5,20,3
238,36061030300,9,20,0
239,36061030700,3,20,0
240,36061030900,4,20,0
241,36061031100,2,20,2
242,36061031703,7,20,4
243,36061031704,2,20,0
244,36061031900,1,20,0
245,36081000100,3,20,1
246,36081000200,6,20,0
247,36081000400,4,20,0
248,36081000600,1,20,0
249,36081000700,1,20,0
250,36081000800,1,20,0
251,36081001000,5,20,1
252,36081001200,4,20,0
253,36081001400,0,20,0
254,36081001600,0,20,2
255,36081001800,1,20,0
256,36081001900,4,20,3
257,36081002000,1,20,2
258,36081002200,7,20,0
259,36081002400,1,20,1
260,36081002500,2,20,0
261,36081002600,1,17,0
262,36081002800,1,20,0
263,36081003000,5,20,0
264,36081003100,0,20,1
265,36081003200,3,20,1
266,36081003300,1,20,0
267,36081003400,6,20,1
268,36081003600,3,20,2
269,36081003700,0,20,0
270,36081003800,4,20,0
271,36081003900,2,20,0
272,36081004001,3,20,1
273,36081004002,2,20,1
274,36081004200,9,20,0
275,36081004300,4,16,0
276,36081004401,9,20,1
277,36081004500,2,20,1
278,36081004700,0,20,0
279,36081005000,0,4,0
280,36081005100,0,20,0
281,36081005200,0,20,0
282,36081005300,1,20,2
283,36081005400,2,20,1
284,36081005500,0,20,2
285,36081005700,2,16,0
286,36081005800,3,20,1
287,36081005900,0,8,0
288,36081006100,8,20,0
289,36081006201,5,20,1
290,36081006202,0,20,0
291,36081006300,9,20,0
292,36081006501,2,18,0
293,36081006502,8,20,0
294,36081006900,0,20,0
295,36081007100,7,20,1
296,36081007300,0,20,0
297,36081007500,2,20,0
298,36081007700,1,20,1
299,36081007900,2,20,3
300,36081008100,0,4,1
301,36081008300,2,20,0
302,36081008500,0,20,0
303,36081008600,2,20,0
304,36081008700,1,20,0
305,36081008800,4,20,0
306,36081009100,4,20,0
307,36081009400,1,20,1
308,36081009500,1,20,3
309,36081009600,1,20,0
310,36081009700,4,20,0
311,36081009800,1,20,3
312,36081009900,1,20,1
313,36081010000,3,20,0
314,36081010100,10,20,0
315,36081010200,0,20,0
316,36081010300,2,20,1
317,36081010400,2,20,0
318,36081010500,4,20,0
319,36081010600,1,20,0
320,36081010701,0,20,0
321,36081010800,0,8,0
322,36081011000,2,20,3
323,36081011100,8,20,0
324,36081011200,1,20,2
325,36081011300,5,20,0
326,36081011400,0,20,0
327,36081011500,0,20,0
328,36081011600,3,20,0
329,36081011700,8,20,0
330,36081011800,3,20,2
331,36081011900,14,20,0
332,36081012000,0,20,0
333,36081012100,10,20,5
334,36081012200,6,20,0
335,36081012301,3,20,0
336,36081012400,6,20,1
337,36081012500,0,19,1
338,36081012601,0,20,0
339,36081012602,4,20,0
340,36081012800,1,20,0
341,36081013000,2,20,0
342,36081013200,4,20,0
343,36081013400,4,20,0
344,36081013500,1,20,0
345,36081013600,7,20,0
346,36081013700,2,20,1
347,36081013800,4,20,0
348,36081014000,7,20,0
349,36081014100,5,20,0
350,36081014201,5,20,0
351,36081014202,0,20,1
352,36081014300,3,7,0
353,36081014400,0,20,1
354,36081014500,10,20,2
355,36081014700,7,20,0
356,36081014800,3,20,1
357,36081014900,10,20,0
358,36081015000,6,20,1
359,36081015100,13,20,0
360,36081015200,2,20,0
361,36081015300,11,20,0
362,36081015400,1,10,1
363,36081015500,0,6,0
364,36081015600,6,20,1
365,36081015700,0,8,0
366,36081015801,1,20,0
367,36081015802,11,20,0
368,36081015900,14,20,0
369,36081016100,0,20,0
370,36081016300,7,19,0
371,36081016400,5,20,0
372,36081016600,1,20,0
373,36081016800,9,20,1
374,36081016900,21,19,1
375,36081017000,3,20,0
376,36081017100,2,20,2
377,36081017200,1,20,1
378,36081017400,2,20,0
379,36081017600,8,19,0
380,36081017800,1,20,0
381,36081017900,1,20,0
382,36081018000,0,20,0
383,36081018101,0,20,0
384,36081018102,4,20,6
385,36081018200,4,20,0
386,36081018300,7,20,3
387,36081018401,6,20,0
388,36081018402,0,20,0
389,36081018501,5,20,0
390,36081018502,1,20,0
391,36081018600,0,20,0
392,36081018700,6,19,2
393,36081018800,6,20,0
394,36081018900,14,20,4
395,36081019000,0,20,1
396,36081019200,15,20,0
397,36081019400,1,20,1
398,36081019600,0,20,1
399,36081019800,1,20,0
400,36081019900,1,20,0
401,36081020200,4,20,2
0,36081020400,5,20,0
1,36081020500,3,20,0
2,36081020600,0,20,0
3,36081020800,0,20,1
4,36081021200,1,20,0
5,36081021400,11,20,1
6,36081021600,3,20,2
7,36081021900,1,20,0
8,36081022001,7,20,0
9,36081022002,9,20,0
10,36081022900,2,20,0
11,36081023000,1,20,2
12,36081023200,1,20,2
13,36081023500,2,20,0
14,36081023600,0,20,1
15,36081023800,3,20,1
16,36081024000,7,20,0
17,36081024300,3,20,1
18,36081024500,4,20,1
19,36081024600,0,20,0
20,36081024700,5,20,2
21,36081024900,4,20,2
22,36081025100,2,20,5
23,36081025301,0,20,0
24,36081025302,2,20,1
25,36081025400,4,20,1
26,36081025500,2,20,0
27,36081025700,2,14,0
28,36081025800,1,20,0
29,36081025900,1,20,0
30,36081026000,8,20,1
31,36081026100,6,20,1
32,36081026200,3,20,0
33,36081026300,1,20,0
34,36081026400,1,20,0
35,36081026500,2,20,0
36,36081026600,1,20,1
37,36081026700,1,20,0
38,36081026901,3,16,1
39,36081026902,6,20,2
40,36081027000,3,20,1
41,36081027100,0,10,0
42,36081027200,4,20,0
43,36081027300,2,20,0
44,36081027400,2,12,0
45,36081027500,3,20,2
46,36081027600,4,20,0
47,36081027700,6,20,0
48,36081027800,1,20,0
49,36081027900,2,20,0
50,36081028000,4,20,0
51,36081028100,8,20,0
52,36081028200,1,20,0
53,36081028300,0,20,0
54,36081028400,1,20,0
55,36081028500,0,20,1
56,36081028700,12,20,5
57,36081028800,5,20,1
58,36081028900,5,20,0
59,36081029100,3,20,0
60,36081029300,6,20,1
61,36081029400,2,20,0
62,36081029500,4,20,2
63,36081029700,2,20,0
64,36081029900,1,20,0
65,36081030600,3,20,1
66,36081030902,2,20,0
67,36081030903,3,20,0
68,36081030904,1,20,0
69,36081031700,2,20,1
70,36081032000,0,20,0
71,36081032700,6,19,0
72,36081032800,5,20,0
73,36081032900,9,20,1
74,36081033000,2,20,1
75,36081033100,4,20,5
76,36081033401,1,20,0
77,36081033402,6,20,2
78,36081033700,7,20,0
79,36081033900,9,20,1
80,36081034700,0,20,0
81,36081035100,3,20,3
82,36081035200,2,20,1
83,36081035300,1,20,0
84,36081035700,1,20,0
85,36081035800,1,20,0
86,36081036100,1,20,0
87,36081036300,3,20,2
88,36081036500,0,20,0
89,36081036600,4,20,0
90,36081036700,5,20,0
91,36081036800,2,20,0
92,36081037100,0,20,0
93,36081037300,1,20,2
94,36081037500,0,20,0
95,36081037600,1,20,0
96,36081037700,4,20,0
97,36081037900,1,20,1
98,36081038100,2,20,0
99,36081038301,0,20,0
100,36081038302,1,20,0
101,36081038400,1,20,0
102,36081039400,0,20,2
103,36081039800,0,20,0
104,36081039900,0,20,0
105,36081040000,0,20,0
106,36081040100,5,20,0
107,36081040200,0,20,0
108,36081040300,0,20,1
109,36081040400,1,20,0
110,36081040500,4,20,2
111,36081040700,5,20,0
112,36081040900,0,20,0
113,36081041100,10,20,0
114,36081041300,5,20,0
115,36081041400,1,20,0
116,36081041500,1,20,2
117,36081042400,1,20,0
118,36081042600,0,20,0
119,36081042700,1,20,0
120,36081043200,2,20,1
121,36081043400,5,20,0
122,36081043701,2,20,1
123,36081043702,2,20,0
124,36081043900,1,20,1
125,36081044000,5,20,0
126,36081044301,5,20,1
127,36081044302,4,20,0
128,36081044400,2,20,1
129,36081044601,6,20,0
130,36081044602,4,20,2
131,36081044800,5,20,0
132,36081045000,9,20,0
133,36081045200,1,20,0
134,36081045400,1,20,0
135,36081045500,2,8,0
136,36081045600,1,20,1
137,36081045700,0,16,0
138,36081045800,7,20,1
139,36081045900,3,20,0
140,36081046000,1,20,0
141,36081046100,0,20,2
142,36081046200,5,20,0
143,36081046300,5,20,0
144,36081046400,4,20,1
145,36081046500,5,20,5
146,36081046600,7,20,0
147,36081046700,4,20,2
148,36081046800,1,20,0
149,36081046900,0,12,0
150,36081047000,2,20,1
151,36081047100,5,20,0
152,36081047200,6,20,0
153,36081047300,3,20,0
154,36081047500,1,20,0
155,36081047600,0,20,0
156,36081047800,1,20,0
157,36081047900,2,20,0
158,36081048000,0,20,0
159,36081048100,6,20,2
160,36081048200,3,20,0
161,36081048300,4,20,0
162,36081048400,5,20,0
163,36081048500,2,20,0
164,36081048900,0,20,0
165,36081049200,5,20,0
166,36081049301,3,20,0
167,36081049302,3,20,0
168,36081049500,2,20,0
169,36081049600,2,20,0
170,36081049700,5,20,1
171,36081049900,8,20,0
172,36081050000,4,20,0
173,36081050201,0,20,0
174,36081050202,1,20,0
175,36081050400,1,20,0
176,36081050500,5,20,1
177,36081050600,0,20,0
178,36081050700,5,20,0
179,36081050800,1,20,2
180,36081051000,2,20,0
181,36081051100,2,20,2
182,36081051200,0,20,0
183,36081051300,3,20,2
184,36081051500,9,20,0
185,36081051600,1,20,0
186,36081051700,1,20,0
187,36081051800,3,20,0
188,36081052000,7,20,0
189,36081052100,5,20,0
190,36081052200,0,20,6
191,36081052400,0,20,0
192,36081052500,3,20,2
193,36081052600,2,20,0
194,36081052800,4,20,0
195,36081053000,8,20,0
196,36081053100,2,20,0
197,36081053200,1,20,2
198,36081053401,1,20,0
199,36081053500,1,20,0
200,36081053601,0,20,2
201,36081053800,0,20,0
202,36081053900,3,20,0
203,36081054000,0,20,0
204,36081054200,4,20,0
205,36081054500,0,20,0
206,36081054700,0,20,0
207,36081054800,4,20,2
208,36081054900,3,20,0
209,36081055100,1,20,0
210,36081055200,2,20,0
211,36081055300,4,20,0
212,36081055400,0,20,0
213,36081055500,2,20,2
214,36081055600,0,20,3
215,36081055700,0,20,0
216,36081055800,0,20,0
217,36081055900,7,20,0
218,36081056000,1,20,0
219,36081056100,0,20,0
220,36081056200,2,20,0
221,36081056400,2,20,0
222,36081056500,6,20,0
223,36081056600,1,20,0
224,36081056700,3,20,0
225,36081056800,1,20,0
226,36081057700,5,20,0
227,36081057900,0,15,0
228,36081058000,1,20,1
229,36081058100,8,20,0
230,36081058200,2,20,2
231,36081058300,5,20,0
232,36081058500,4,20,1
233,36081058700,5,19,0
234,36081058900,1,20,0
235,36081059000,1,20,0
236,36081059100,3,20,0
237,36081059200,0,20,0
238,36081059300,7,20,0
239,36081059400,0,20,0
240,36081059500,2,20,2
241,36081059600,1,20,0
242,36081059800,4,20,0
243,36081059900,2,20,1
244,36081060000,9,20,3
245,36081060100,9,20,0
246,36081060300,2,20,4
247,36081060600,1,20,0
248,36081060701,0,4,0
249,36081060800,3,20,0
250,36081061000,1,20,1
251,36081061200,1,20,0
252,36081061301,2,20,2
253,36081061302,0,0,0
254,36081061400,1,20,0
255,36081061601,0,20,0
256,36081061602,1,20,0
257,36081061800,1,20,0
258,36081061900,10,20,2
259,36081062000,1,20,0
260,36081062100,5,20,0
261,36081062200,1,20,1
262,36081062300,2,20,0
263,36081062400,0,7,0
264,36081062500,1,20,0
265,36081062600,0,20,1
266,36081062700,2,20,1
267,36081062900,2,20,0
268,36081063000,4,20,5
269,36081063200,5,20,0
270,36081063301,0,20,4
271,36081063302,5,20,0
272,36081063500,3,20,0
273,36081063700,7,20,1
274,36081063800,0,20,0
275,36081063900,5,20,1
276,36081064101,0,7,0
277,36081064102,0,20,0
278,36081064500,7,20,0
279,36081064600,2,20,0
280,36081065000,0,20,0
281,36081065400,0,20,0
282,36081065501,1,20,0
283,36081065600,2,20,0
284,36081065702,6,20,0
285,36081065703,1,20,0
286,36081065900,7,20,0
287,36081066000,0,20,0
288,36081066100,5,20,1
289,36081066300,5,20,0
290,36081066400,2,20,0
291,36081066501,1,20,1
292,36081066701,2,20,2
293,36081066900,4,20,0
294,36081067100,2,20,0
295,36081067700,11,20,2
296,36081067900,8,20,0
297,36081068000,1,20,0
298,36081068200,3,20,0
299,36081068300,0,20,0
300,36081068700,3,20,0
301,36081069000,0,20,0
302,36081069300,3,20,0
303,36081069400,0,20,0
304,36081069500,8,20,0
305,36081069701,6,20,0
306,36081069702,3,20,1
307,36081070300,13,20,0
308,36081070700,1,20,0
309,36081070900,5,20,0
310,36081071100,8,20,0
311,36081071303,5,20,0
312,36081071304,9,20,0
313,36081071305,4,20,1
314,36081071306,4,20,0
315,36081071600,0,20,1
316,36081071701,8,20,1
317,36081071702,1,20,4
318,36081071900,0,20,1
319,36081072100,5,20,0
320,36081072300,4,20,0
321,36081072900,2,20,0
322,36081073100,7,20,0
323,36081073700,5,20,0
324,36081073900,1,20,1
325,36081074100,1,20,0
326,36081074300,4,20,1
327,36081074500,3,20,5
328,36081074700,5,20,0
329,36081074900,0,20,0
330,36081075701,3,20,1
331,36081075702,1,20,0
332,36081076901,1,20,0
333,36081076902,0,20,1
334,36081077300,0,20,0
335,36081077500,4,20,0
336,36081077902,4,20,1
337,36081077903,9,20,0
338,36081077904,2,20,0
339,36081077905,0,20,0
340,36081077906,4,20,1
341,36081077907,5,20,1
342,36081077908,3,20,0
343,36081078800,0,20,1
344,36081079000,1,20,1
345,36081079200,0,20,0
346,36081079300,0,0,0
347,36081079701,2,20,0
348,36081079702,2,20,1
349,36081079900,9,20,0
350,36081080301,2,20,0
351,36081080302,2,20,1
352,36081080900,6,20,0
353,36081081400,1,20,1
354,36081081800,5,20,1
355,36081083700,7,20,0
356,36081083800,0,20,0
357,36081084000,0,20,0
358,36081084500,3,20,3
359,36081084601,2,20,0
360,36081084602,0,20,0
361,36081084900,3,20,0
362,36081085300,2,14,0
363,36081085500,2,20,1
364,36081085700,3,9,1
365,36081085900,6,20,0
366,36081086100,2,20,0
367,36081086300,4,6,0
368,36081086400,0,20,0
369,36081086500,0,18,2
370,36081086900,4,20,0
371,36081087100,4,20,0
372,36081088400,1,20,0
373,36081088901,6,20,0
374,36081089200,1,20,0
375,36081090700,1,20,0
376,36081091601,0,20,0
377,36081091602,0,20,0
378,36081091800,1,20,0
379,36081091900,3,20,1
380,36081092200,0,20,0
381,36081092500,2,20,0
382,36081092800,0,20,0
383,36081092900,4,20,0
384,36081093401,0,20,0
385,36081093402,3,20,0
386,36081093800,1,20,0
387,36081093900,0,20,0
388,36081094201,7,20,0
389,36081094202,1,20,0
390,36081094203,2,20,0
391,36081094500,2,20,1
392,36081094700,2,20,0
393,36081095400,0,20,0
394,36081096400,1,20,0
395,36081097202,0,20,0
396,36081097203,0,20,0
397,36081097204,0,20,0
398,36081097300,0,20,0
399,36081098100,3,20,0
400,36081098700,0,20,0
401,36081099100,1,20,0
402,36081099200,0,20,0
403,36081099701,1,20,0
404,36081099703,0,20,1
405,36081099704,8,20,0
406,36081099705,0,20,0
407,36081099801,3,20,1
408,36081099802,1,20,0
409,36081099900,0,20,0
410,36081100801,2,20,0
411,36081100802,5,20,0
412,36081101001,3,20,0
413,36081101002,3,20,0
414,36081101700,1,20,0
415,36081102900,0,20,0
416,36081103201,1,20,1
417,36081103202,3,20,1
418,36081103300,1,20,2
419,36081103900,0,20,0
420,36081104700,2,20,1
421,36081105900,1,20,0
422,36081107201,0,20,1
423,36081107202,0,20,0
424,36081108500,4,20,1
425,36081109300,3,20,1
426,36081109700,0,20,0
427,36081109900,1,20,1
428,36081111300,0,20,0
429,36081112300,0,20,0
430,36081112900,1,20,1
431,36081113300,1,20,0
432,36081113900,7,20,0
433,36081114100,2,20,0
434,36081114700,1,20,1
435,36081115100,2,20,0
436,36081115500,0,20,0
437,36081115700,1,20,0
438,36081115900,0,20,2
439,36081116100,6,20,0
440,36081116300,3,20,3
441,36081116700,6,20,0
442,36081117100,3,20,0
443,36081117500,3,20,0
444,36081118100,0,20,1
445,36081118500,1,15,0
446,36081118700,1,20,1
447,36081118900,1,20,0
448,36081119100,1,20,0
449,36081119300,5,20,0
450,36081119500,0,10,0
451,36081119900,1,20,0
452,36081120100,6,20,2
453,36081120300,1,20,0
454,36081120500,2,20,2
455,36081120700,6,20,0
456,36081121100,0,20,0
457,36081121500,3,20,0
458,36081122300,0,20,0
459,36081122701,4,20,0
460,36081122702,4,20,1
461,36081124100,1,20,2
462,36081124700,3,20,0
463,36081125700,0,20,0
464,36081126500,0,20,0
465,36081126700,3,20,0
466,36081127700,2,20,0
467,36081128300,0,20,0
468,36081129102,1,20,0
469,36081129103,1,20,0
470,36081129104,4,20,0
471,36081130100,5,20,0
472,36081133300,0,20,0
473,36081133900,2,20,0
474,36081134100,1,20,0
475,36081134700,1,20,0
476,36081136700,6,20,1
477,36081137700,2,20,0
478,36081138501,1,19,0
479,36081138502,0,20,0
480,36081139900,2,20,0
481,36081140300,0,20,1
482,36081140901,0,20,0
483,36081140902,1,20,0
484,36081141700,2,20,2
485,36081142900,1,20,0
486,36081143500,1,20,0
487,36081144100,5,20,0
488,36081144700,0,20,0
489,36081145101,0,20,0
490,36081145102,0,20,0
491,36081145900,1,20,0
492,36081146300,2,20,2
493,36081146700,3,20,0
494,36081147100,8,20,0
495,36081147900,5,20,1
496,36081148300,0,20,0
497,36081150701,0,20,0
498,36081150702,2,20,0
499,36081152901,1,20,0
0,36085000300,0,20,0
1,36085000600,0,20,0
2,36085000700,5,20,0
3,36085000800,3,20,0
4,36085000900,3,20,0
5,36085001100,3,20,0
6,36085001700,2,20,1
7,36085001800,0,20,0
8,36085002001,3,20,0
9,36085002002,3,20,0
10,36085002100,3,20,0
11,36085002700,1,20,0
12,36085002900,4,20,0
13,36085003300,0,20,1
14,36085003600,2,20,0
15,36085003900,1,20,0
16,36085004000,0,20,1
17,36085004700,0,20,0
18,36085005000,2,20,0
19,36085005900,0,20,0
20,36085006400,3,20,0
21,36085006700,0,20,0
22,36085007000,4,20,0
23,36085007400,1,20,0
24,36085007500,8,20,0
25,36085007700,7,20,0
26,36085008100,4,20,0
27,36085009601,3,20,0
28,36085009602,0,20,0
29,36085009700,1,20,0
30,36085010500,7,20,0
31,36085011201,2,20,0
32,36085011202,0,19,0
33,36085011401,11,20,0
34,36085011402,1,20,0
35,36085012100,5,20,2
36,36085012200,1,20,1
37,36085012500,1,20,1
38,36085012804,0,20,0
39,36085012805,2,20,0
40,36085012806,0,20,0
41,36085013201,0,20,0
42,36085013203,7,20,1
43,36085013204,3,20,0
44,36085013301,11,20,1
45,36085013302,1,20,0
46,36085013400,1,20,0
47,36085013800,1,20,0
48,36085014100,4,20,0
49,36085014604,2,20,0
50,36085014605,3,20,0
51,36085014606,3,20,0
52,36085014607,2,20,0
53,36085014608,2,20,0
54,36085014700,0,20,0
55,36085015100,1,20,0
56,36085015400,2,20,0
57,36085015601,2,20,1
58,36085015602,1,20,0
59,36085015603,1,20,0
60,36085016901,0,20,1
61,36085017005,0,20,0
62,36085017007,3,20,0
63,36085017008,5,20,0
64,36085017009,0,20,0
65,36085017010,6,20,1
66,36085017011,2,20,0
67,36085017012,1,20,0
68,36085017300,2,20,0
69,36085017600,2,20,0
70,36085017700,2,20,0
71,36085018100,0,20,0
72,36085018701,0,20,0
73,36085018702,2,20,0
74,36085018901,3,20,1
75,36085018902,6,20,0
76,36085019700,0,20,1
77,36085019800,1,20,0
78,36085020100,7,20,0
79,36085020700,2,20,0
80,36085020801,0,20,0
81,36085020803,0,20,0
82,36085020804,2,20,0
83,36085021300,2,20,1
84,36085022300,2,20,1
85,36085022600,0,20,0
86,36085022800,1,20,0
87,36085023100,5,20,1
88,36085023900,1,20,0
89,36085024401,2,20,2
90,36085024402,3,20,0
91,36085024700,2,20,0
92,36085024800,2,20,0
93,36085025100,2,20,2
94,36085027301,1,20,0
95,36085027302,0,20,0
96,36085027702,2,20,0
97,36085027704,0,20,0
98,36085027705,1,20,2
99,36085027706,2,20,1
100,36085027900,0,20,0
101,36085029102,0,20,0
102,36085029103,0,20,0
103,36085029104,1,20,0
104,36085030301,0,20,0
105,36085030302,0,20,0
106,36085031901,1,20,0
107,36085031902,2,20,0
108,36085032300,1,20,0
0,36005000100,0,20,0
1,36005000200,0,20,1
2,36005000400,3,20,0
3,36005001600,3,20,0
4,36005001900,1,20,2
5,36005002000,1,20,0
6,36005002300,2,20,0
7,36005002400,0,20,0
8,36005002500,4,20,1
9,36005002701,7,20,0
10,36005002702,7,20,1
11,36005002800,0,20,0
12,36005003100,6,20,2
13,36005003300,6,20,0
14,36005003500,6,20,5
15,36005003700,0,6,0
16,36005003800,1,8,0
17,36005003900,0,20,1
18,36005004001,1,20,0
19,36005004100,4,20,2
20,36005004200,2,20,0
21,36005004300,8,20,0
22,36005004400,8,20,0
23,36005004600,4,20,0
24,36005004800,7,20,0
25,36005005001,10,20,0
26,36005005002,0,2,0
27,36005005100,3,20,1
28,36005005200,3,20,0
29,36005005300,0,20,1
30,36005005400,14,20,0
31,36005005600,3,20,3
32,36005005902,3,20,0
33,36005006000,4,20,0
34,36005006100,2,20,0
35,36005006200,1,20,0
36,36005006300,1,20,0
37,36005006400,0,20,0
38,36005006500,0,20,2
39,36005006700,5,20,0
40,36005006800,0,14,2
41,36005006900,10,20,1
42,36005007000,4,20,0
43,36005007100,6,20,1
44,36005007200,1,20,1
45,36005007300,1,20,0
46,36005007400,2,8,0
47,36005007500,5,20,0
48,36005007600,2,20,1
49,36005007700,0,20,4
50,36005007800,1,20,1
51,36005007900,6,20,0
52,36005008300,0,20,0
53,36005008400,1,20,2
54,36005008500,0,20,0
55,36005008600,4,20,0
56,36005008700,13,20,1
57,36005008900,4,20,0
58,36005009000,0,20,0
59,36005009200,1,20,0
60,36005009300,2,20,0
61,36005009600,3,20,0
62,36005009800,0,20,0
63,36005011000,0,20,0
64,36005011502,6,20,0
65,36005011700,1,20,0
66,36005011800,1,20,0
67,36005011900,7,20,0
68,36005012101,1,20,0
69,36005012102,5,11,0
70,36005012300,1,20,0
71,36005012500,0,20,0
72,36005012701,1,4,0
73,36005012901,3,20,2
74,36005013000,1,10,0
75,36005013100,12,20,3
76,36005013200,0,20,2
77,36005013300,0,20,0
78,36005013500,1,20,0
79,36005013800,1,20,0
80,36005014100,1,20,0
81,36005014300,1,20,0
82,36005014400,0,20,0
83,36005014500,2,20,1
84,36005014701,12,20,0
85,36005014702,6,20,0
86,36005014900,4,20,0
87,36005015100,1,20,2
88,36005015200,2,20,0
89,36005015300,3,20,1
90,36005015500,0,20,1
91,36005015700,1,20,0
92,36005015800,0,20,0
93,36005015900,3,17,0
94,36005016000,0,20,0
95,36005016100,2,20,0
96,36005016200,1,20,0
97,36005016300,2,20,0
98,36005016400,2,20,0
99,36005016500,4,20,0
100,36005016600,0,20,2
101,36005016700,1,20,0
102,36005016900,0,14,0
103,36005017100,4,9,2
104,36005017300,2,20,1
105,36005017500,8,20,0
106,36005017701,4,20,2
107,36005017702,0,20,0
108,36005017901,9,20,1
109,36005017902,1,20,0
110,36005018101,1,20,0
111,36005018102,7,20,2
112,36005018301,7,20,0
113,36005018302,7,20,4
114,36005018400,3,20,0
115,36005018500,6,20,1
116,36005018900,1,20,0
117,36005019300,5,20,1
118,36005019400,2,20,0
119,36005019500,4,20,2
120,36005019700,1,20,0
121,36005019900,7,20,0
122,36005020000,3,20,0
123,36005020100,3,20,0
124,36005020200,1,20,0
125,36005020400,4,20,0
126,36005020501,0,20,1
127,36005020502,3,20,0
128,36005020601,4,20,1
129,36005020900,1,20,2
130,36005021001,2,20,0
131,36005021002,2,20,0
132,36005021100,3,20,0
133,36005021200,6,20,2
134,36005021301,2,20,0
135,36005021302,3,20,0
136,36005021501,9,20,1
137,36005021502,4,20,0
138,36005021601,0,20,0
139,36005021602,2,20,0
140,36005021700,10,20,1
141,36005021800,1,20,1
142,36005021900,6,20,0
143,36005022000,0,20,0
144,36005022101,3,12,0
145,36005022102,0,14,0
146,36005022200,5,20,3
147,36005022300,4,20,1
148,36005022401,5,20,0
149,36005022403,6,20,0
150,36005022404,7,18,3
151,36005022500,1,20,0
152,36005022701,8,20,0
153,36005022702,3,20,0
154,36005022703,1,19,0
155,36005022800,7,20,1
156,36005022901,5,20,0
157,36005022902,0,20,0
158,36005023000,1,20,3
159,36005023100,3,20,0
160,36005023200,0,16,0
161,36005023301,1,20,0
162,36005023302,2,20,1
163,36005023501,3,20,0
164,36005023502,0,20,0
165,36005023600,8,20,1
166,36005023702,0,17,0
167,36005023703,5,20,0
168,36005023704,0,20,1
169,36005023800,0,20,0
170,36005023900,0,20,0
171,36005024000,2,20,0
172,36005024100,2,20,3
173,36005024300,7,20,0
174,36005024400,2,20,1
175,36005024501,5,20,1
176,36005024502,5,20,1
177,36005024600,10,20,0
178,36005024700,1,20,4
179,36005024800,2,20,0
180,36005024900,4,20,0
181,36005025000,1,12,0
182,36005025100,3,20,1
183,36005025200,2,20,0
184,36005025300,0,20,0
185,36005025400,0,20,0
186,36005025500,5,20,1
187,36005025600,3,20,0
188,36005025700,1,20,0
189,36005026100,0,20,0
190,36005026300,8,20,0
191,36005026400,1,20,0
192,36005026500,0,20,0
193,36005026601,5,20,1
194,36005026602,1,20,0
195,36005026701,11,20,0
196,36005026702,1,16,0
197,36005026900,3,20,1
198,36005027300,3,20,1
199,36005027401,3,20,0
200,36005027402,4,20,1
201,36005027600,2,20,0
202,36005027700,2,20,0
203,36005027900,5,20,0
204,36005028100,3,20,0
205,36005028300,4,20,1
206,36005028400,0,20,0
207,36005028500,6,20,1
208,36005028600,2,20,0
209,36005028700,1,20,0
210,36005028800,2,20,0
211,36005028900,3,20,2
212,36005029301,2,20,0
213,36005029302,3,20,0
214,36005029500,4,20,2
215,36005029600,2,20,0
216,36005029700,3,20,1
217,36005030000,4,20,0
218,36005030100,5,20,0
219,36005030200,2,20,0
220,36005030701,2,20,0
221,36005030900,5,20,0
222,36005031000,0,20,0
223,36005031200,1,20,2
224,36005031400,0,20,0
225,36005031600,1,20,0
226,36005031800,2,20,0
227,36005031900,0,20,0
228,36005032300,2,20,1
229,36005032400,4,20,0
230,36005032600,0,20,0
231,36005032800,1,20,0
232,36005033000,4,20,0
233,36005033201,5,20,0
234,36005033202,2,20,0
235,36005033400,1,20,0
236,36005033500,3,20,1
237,36005033600,4,20,0
238,36005033700,6,20,0
239,36005033800,0,20,0
240,36005034000,3,20,0
241,36005034200,0,20,0
242,36005034300,3,20,0
243,36005034400,0,20,0
244,36005034500,3,20,0
245,36005034800,0,20,0
246,36005035000,4,20,0
247,36005035100,0,20,1
248,36005035600,2,20,0
249,36005035800,5,20,0
250,36005035900,7,20,0
251,36005036000,1,20,0
252,36005036100,6,20,1
253,36005036300,2,20,0
254,36005036400,2,20,2
255,36005036501,0,10,0
256,36005036502,0,20,1
257,36005036700,0,15,0
258,36005036800,1,20,3
259,36005036901,7,20,0
260,36005036902,7,20,1
261,36005037000,2,20,0
262,36005037100,2,20,0
263,36005037200,5,20,0
264,36005037300,1,20,1
265,36005037400,1,20,0
266,36005037504,4,20,1
267,36005037600,1,20,0
268,36005037800,9,20,1
269,36005037900,0,20,1
270,36005038000,7,20,0
271,36005038100,5,20,0
272,36005038200,2,20,0
273,36005038301,13,20,1
274,36005038302,13,20,0
275,36005038500,0,20,0
276,36005038600,2,20,0
277,36005038700,1,20,0
278,36005038800,9,20,0
279,36005038900,14,20,0
280,36005039000,2,18,0
281,36005039100,1,20,5
282,36005039200,3,18,2
283,36005039300,10,20,0
284,36005039400,0,12,0
285,36005039500,1,20,0
286,36005039600,6,20,0
287,36005039700,1,20,0
288,36005039800,0,20,0
289,36005039901,4,20,3
290,36005039902,2,20,2
291,36005040100,2,20,1
292,36005040302,3,20,1
293,36005040303,2,20,0
294,36005040304,0,20,0
295,36005040400,0,20,0
296,36005040501,1,6,0
297,36005040502,3,20,1
298,36005040600,1,20,0
299,36005040701,0,13,0
300,36005040702,2,20,0
301,36005040800,2,20,1
302,36005040900,4,20,1
303,36005041100,4,20,2
304,36005041300,10,20,0
305,36005041400,3,20,0
306,36005041500,4,20,0
307,36005041800,6,20,2
308,36005041900,6,20,0
309,36005042000,2,20,2
310,36005042100,6,20,0
311,36005042200,6,20,0
312,36005042300,5,20,0
313,36005042400,4,20,0
314,36005042500,1,20,2
315,36005042600,2,20,0
316,36005042800,0,20,0
317,36005042901,7,20,0
318,36005042902,6,9,0
319,36005043000,1,20,1
320,36005043100,3,20,2
321,36005043400,1,20,0
322,36005043500,2,20,0
323,36005043600,6,20,2
324,36005044200,2,20,1
325,36005044400,5,20,4
326,36005044800,0,20,0
327,36005044901,1,20,0
328,36005044902,1,20,0
329,36005045101,0,20,0
330,36005045102,7,20,0
331,36005045600,4,20,0
332,36005045800,1,20,0
333,36005046000,11,20,0
334,36005046201,4,20,1
335,36005046202,5,20,1
336,36005048400,2,20,0
337,36005050400,1,20,0
338,36005051600,3,20,0