<metadata xml:lang="en"><Esri><CreaDate>20171220</CreaDate><CreaTime>10482900</CreaTime><ArcGISFormat>1.0</ArcGISFormat><SyncOnce>FALSE</SyncOnce><DataProperties><lineage><Process ToolSource="e:\program files (x86)\arcgis\desktop10.3\ArcToolbox\Toolboxes\Data Management Tools.tbx\CreateFeatureclass" Date="20171220" Time="104829">CreateFeatureclass E:\code\Spatial\Connections\OPS$GEODATA_D2CS01.sde GEO2017_TRACT_P2G3_A POLYGON G:\\load\\en\\GEO\\2017\\spatial\geo_2017_g_32000_140_00_py_z6-20171219134541.shp SAME_AS_TEMPLATE SAME_AS_TEMPLATE "PROJCS['WGS_1984_Web_Mercator_Auxiliary_Sphere',GEOGCS['GCS_WGS_1984',DATUM['D_WGS_1984',SPHEROID['WGS_1984',6378137.0,298.257223563]],PRIMEM['Greenwich',0.0],UNIT['Degree',0.0174532925199433]],PROJECTION['Mercator_Auxiliary_Sphere'],PARAMETER['False_Easting',0.0],PARAMETER['False_Northing',0.0],PARAMETER['Central_Meridian',0.0],PARAMETER['Standard_Parallel_1',0.0],PARAMETER['Auxiliary_Sphere_Type',0.0],UNIT['Meter',1.0]];-20037700 -30241100 10000;-100000 10000;-100000 10000;0.001;0.001;0.001;IsHighPrecision" ST_GEOMETRY 0 0 0</Process><Process ToolSource="e:\program files (x86)\arcgis\desktop10.3\ArcToolbox\Toolboxes\Data Management Tools.tbx\ChangePrivileges" Date="20171220" Time="104831">ChangePrivileges E:\code\Spatial\Connections\OPS$GEODATA_D2CS01.sde\GEO2017_TRACT_P2G3_A SPATIAL_META2010_RW GRANT AS_IS</Process><Process ToolSource="e:\program files (x86)\arcgis\desktop10.3\ArcToolbox\Toolboxes\Data Management Tools.tbx\RemoveSpatialIndex" Date="20171220" Time="104832">RemoveSpatialIndex E:\code\Spatial\Connections\OPS$GEODATA_D2CS01.sde\GEO2017_TRACT_P2G3_A</Process><Process ToolSource="e:\program files (x86)\arcgis\desktop10.3\ArcToolbox\Toolboxes\Data Management Tools.tbx\Append" Date="20171220" Time="104843">Append G:\\load\\en\\GEO\\2017\\spatial\geo_2017_g_32000_140_00_py_z6-20171219134541.shp E:\code\Spatial\Connections\OPS$GEODATA_D2CS01.sde\GEO2017_TRACT_P2G3_A TEST # #</Process><Process ToolSource="e:\program files (x86)\arcgis\desktop10.3\ArcToolbox\Toolboxes\Data Management Tools.tbx\Append" Date="20171220" Time="105815">Append G:\\load\\en\\GEO\\2017\\spatial\geo_2017_g_22000_140_00_py_z6-20171219134541.shp E:\code\Spatial\Connections\OPS$GEODATA_D2CS01.sde\GEO2017_TRACT_P2G3_A TEST # #</Process><Process ToolSource="e:\program files (x86)\arcgis\desktop10.3\ArcToolbox\Toolboxes\Data Management Tools.tbx\Append" Date="20171220" Time="110139">Append G:\\load\\en\\GEO\\2017\\spatial\geo_2017_g_25000_140_00_py_z6-20171219134541.shp E:\code\Spatial\Connections\OPS$GEODATA_D2CS01.sde\GEO2017_TRACT_P2G3_A TEST # #</Process><Process ToolSource="e:\program files (x86)\arcgis\desktop10.3\ArcToolbox\Toolboxes\Data Management Tools.tbx\Append" Date="20171220" Time="110454">Append G:\\load\\en\\GEO\\2017\\spatial\geo_2017_g_66000_140_00_py_z6-20171219134541.shp E:\code\Spatial\Connections\OPS$GEODATA_D2CS01.sde\GEO2017_TRACT_P2G3_A TEST # #</Process><Process ToolSource="e:\program files (x86)\arcgis\desktop10.3\ArcToolbox\Toolboxes\Data Management Tools.tbx\Append" Date="20171220" Time="110908">Append G:\\load\\en\\GEO\\2017\\spatial\geo_2017_g_04000_140_00_py_z6-20171219134541.shp E:\code\Spatial\Connections\OPS$GEODATA_D2CS01.sde\GEO2017_TRACT_P2G3_A TEST # #</Process><Process ToolSource="e:\program files (x86)\arcgis\desktop10.3\ArcToolbox\Toolboxes\Data Management Tools.tbx\Append" Date="20171220" Time="110921">Append G:\\load\\en\\GEO\\2017\\spatial\geo_2017_g_37000_140_00_py_z6-20171219134541.shp E:\code\Spatial\Connections\OPS$GEODATA_D2CS01.sde\GEO2017_TRACT_P2G3_A TEST # #</Process><Process ToolSource="e:\program files (x86)\arcgis\desktop10.3\ArcToolbox\Toolboxes\Data Management Tools.tbx\Append" Date="20171220" Time="112241">Append G:\\load\\en\\GEO\\2017\\spatial\geo_2017_g_23000_140_00_py_z6-20171219134541.shp E:\code\Spatial\Connections\OPS$GEODATA_D2CS01.sde\GEO2017_TRACT_P2G3_A TEST # #</Process><Process ToolSource="e:\program files (x86)\arcgis\desktop10.3\ArcToolbox\Toolboxes\Data Management Tools.tbx\Append" Date="20171220" Time="113018">Append G:\\load\\en\\GEO\\2017\\spatial\geo_2017_g_26000_140_00_py_z6-20171219134541.shp E:\code\Spatial\Connections\OPS$GEODATA_D2CS01.sde\GEO2017_TRACT_P2G3_A TEST # #</Process><Process ToolSource="e:\program files (x86)\arcgis\desktop10.3\ArcToolbox\Toolboxes\Data Management Tools.tbx\Append" Date="20171220" Time="113816">Append G:\\load\\en\\GEO\\2017\\spatial\geo_2017_g_11000_140_00_py_z6-20171219134541.shp E:\code\Spatial\Connections\OPS$GEODATA_D2CS01.sde\GEO2017_TRACT_P2G3_A TEST # #</Process><Process ToolSource="e:\program files (x86)\arcgis\desktop10.3\ArcToolbox\Toolboxes\Data Management Tools.tbx\Append" Date="20171220" Time="114157">Append G:\\load\\en\\GEO\\2017\\spatial\geo_2017_g_54000_140_00_py_z6-20171219134541.shp E:\code\Spatial\Connections\OPS$GEODATA_D2CS01.sde\GEO2017_TRACT_P2G3_A TEST # #</Process><Process ToolSource="e:\program files (x86)\arcgis\desktop10.3\ArcToolbox\Toolboxes\Data Management Tools.tbx\Append" Date="20171220" Time="114441">Append G:\\load\\en\\GEO\\2017\\spatial\geo_2017_g_18000_140_00_py_z6-20171219134541.shp E:\code\Spatial\Connections\OPS$GEODATA_D2CS01.sde\GEO2017_TRACT_P2G3_A TEST # #</Process><Process ToolSource="e:\program files (x86)\arcgis\desktop10.3\ArcToolbox\Toolboxes\Data Management Tools.tbx\Append" Date="20171220" Time="114613">Append G:\\load\\en\\GEO\\2017\\spatial\geo_2017_g_28000_140_00_py_z6-20171219134541.shp E:\code\Spatial\Connections\OPS$GEODATA_D2CS01.sde\GEO2017_TRACT_P2G3_A TEST # #</Process><Process ToolSource="e:\program files (x86)\arcgis\desktop10.3\ArcToolbox\Toolboxes\Data Management Tools.tbx\Append" Date="20171220" Time="114758">Append G:\\load\\en\\GEO\\2017\\spatial\geo_2017_g_08000_140_00_py_z6-20171219134541.shp E:\code\Spatial\Connections\OPS$GEODATA_D2CS01.sde\GEO2017_TRACT_P2G3_A TEST # #</Process><Process ToolSource="e:\program files (x86)\arcgis\desktop10.3\ArcToolbox\Toolboxes\Data Management Tools.tbx\Append" Date="20171220" Time="114810">Append G:\\load\\en\\GEO\\2017\\spatial\geo_2017_g_72000_140_00_py_z6-20171219134541.shp E:\code\Spatial\Connections\OPS$GEODATA_D2CS01.sde\GEO2017_TRACT_P2G3_A TEST # #</Process><Process ToolSource="e:\program files (x86)\arcgis\desktop10.3\ArcToolbox\Toolboxes\Data Management Tools.tbx\Append" Date="20171220" Time="114921">Append G:\\load\\en\\GEO\\2017\\spatial\geo_2017_g_21000_140_00_py_z6-20171219134541.shp E:\code\Spatial\Connections\OPS$GEODATA_D2CS01.sde\GEO2017_TRACT_P2G3_A TEST # #</Process><Process ToolSource="e:\program files (x86)\arcgis\desktop10.3\ArcToolbox\Toolboxes\Data Management Tools.tbx\Append" Date="20171220" Time="115025">Append G:\\load\\en\\GEO\\2017\\spatial\geo_2017_g_78000_140_00_py_z6-20171219134541.shp E:\code\Spatial\Connections\OPS$GEODATA_D2CS01.sde\GEO2017_TRACT_P2G3_A TEST # #</Process><Process ToolSource="e:\program files (x86)\arcgis\desktop10.3\ArcToolbox\Toolboxes\Data Management Tools.tbx\Append" Date="20171220" Time="115608">Append G:\\load\\en\\GEO\\2017\\spatial\geo_2017_g_46000_140_00_py_z6-20171219134541.shp E:\code\Spatial\Connections\OPS$GEODATA_D2CS01.sde\GEO2017_TRACT_P2G3_A TEST # #</Process><Process ToolSource="e:\program files (x86)\arcgis\desktop10.3\ArcToolbox\Toolboxes\Data Management Tools.tbx\Append" Date="20171220" Time="120824">Append G:\\load\\en\\GEO\\2017\\spatial\geo_2017_g_20000_140_00_py_z6-20171219134541.shp E:\code\Spatial\Connections\OPS$GEODATA_D2CS01.sde\GEO2017_TRACT_P2G3_A TEST # #</Process><Process ToolSource="e:\program files (x86)\arcgis\desktop10.3\ArcToolbox\Toolboxes\Data Management Tools.tbx\Append" Date="20171220" Time="121111">Append G:\\load\\en\\GEO\\2017\\spatial\geo_2017_g_53000_140_00_py_z6-20171219134541.shp E:\code\Spatial\Connections\OPS$GEODATA_D2CS01.sde\GEO2017_TRACT_P2G3_A TEST # #</Process><Process ToolSource="e:\program files (x86)\arcgis\desktop10.3\ArcToolbox\Toolboxes\Data Management Tools.tbx\Append" Date="20171220" Time="121630">Append G:\\load\\en\\GEO\\2017\\spatial\geo_2017_g_49000_140_00_py_z6-20171219134541.shp E:\code\Spatial\Connections\OPS$GEODATA_D2CS01.sde\GEO2017_TRACT_P2G3_A TEST # #</Process><Process ToolSource="e:\program files (x86)\arcgis\desktop10.3\ArcToolbox\Toolboxes\Data Management Tools.tbx\Append" Date="20171220" Time="122524">Append G:\\load\\en\\GEO\\2017\\spatial\geo_2017_g_35000_140_00_py_z6-20171219134541.shp E:\code\Spatial\Connections\OPS$GEODATA_D2CS01.sde\GEO2017_TRACT_P2G3_A TEST # #</Process><Process ToolSource="e:\program files (x86)\arcgis\desktop10.3\ArcToolbox\Toolboxes\Data Management Tools.tbx\Append" Date="20171220" Time="122802">Append G:\\load\\en\\GEO\\2017\\spatial\geo_2017_g_41000_140_00_py_z6-20171219134541.shp E:\code\Spatial\Connections\OPS$GEODATA_D2CS01.sde\GEO2017_TRACT_P2G3_A TEST # #</Process><Process ToolSource="e:\program files (x86)\arcgis\desktop10.3\ArcToolbox\Toolboxes\Data Management Tools.tbx\Append" Date="20171220" Time="122848">Append G:\\load\\en\\GEO\\2017\\spatial\geo_2017_g_51000_140_00_py_z6-20171219134541.shp E:\code\Spatial\Connections\OPS$GEODATA_D2CS01.sde\GEO2017_TRACT_P2G3_A TEST # #</Process><Process ToolSource="e:\program files (x86)\arcgis\desktop10.3\ArcToolbox\Toolboxes\Data Management Tools.tbx\Append" Date="20171220" Time="123216">Append G:\\load\\en\\GEO\\2017\\spatial\geo_2017_g_33000_140_00_py_z6-20171219134541.shp E:\code\Spatial\Connections\OPS$GEODATA_D2CS01.sde\GEO2017_TRACT_P2G3_A TEST # #</Process><Process ToolSource="e:\program files (x86)\arcgis\desktop10.3\ArcToolbox\Toolboxes\Data Management Tools.tbx\Append" Date="20171220" Time="124309">Append G:\\load\\en\\GEO\\2017\\spatial\geo_2017_g_09000_140_00_py_z6-20171219134541.shp E:\code\Spatial\Connections\OPS$GEODATA_D2CS01.sde\GEO2017_TRACT_P2G3_A TEST # #</Process><Process ToolSource="e:\program files (x86)\arcgis\desktop10.3\ArcToolbox\Toolboxes\Data Management Tools.tbx\Append" Date="20171220" Time="124345">Append G:\\load\\en\\GEO\\2017\\spatial\geo_2017_g_34000_140_00_py_z6-20171219134541.shp E:\code\Spatial\Connections\OPS$GEODATA_D2CS01.sde\GEO2017_TRACT_P2G3_A TEST # #</Process><Process ToolSource="e:\program files (x86)\arcgis\desktop10.3\ArcToolbox\Toolboxes\Data Management Tools.tbx\Append" Date="20171220" Time="124522">Append G:\\load\\en\\GEO\\2017\\spatial\geo_2017_g_15000_140_00_py_z6-20171219134541.shp E:\code\Spatial\Connections\OPS$GEODATA_D2CS01.sde\GEO2017_TRACT_P2G3_A TEST # #</Process><Process ToolSource="e:\program files (x86)\arcgis\desktop10.3\ArcToolbox\Toolboxes\Data Management Tools.tbx\Append" Date="20171220" Time="124952">Append G:\\load\\en\\GEO\\2017\\spatial\geo_2017_g_36000_140_00_py_z6-20171219134541.shp E:\code\Spatial\Connections\OPS$GEODATA_D2CS01.sde\GEO2017_TRACT_P2G3_A TEST # #</Process><Process ToolSource="e:\program files (x86)\arcgis\desktop10.3\ArcToolbox\Toolboxes\Data Management Tools.tbx\Append" Date="20171220" Time="131324">Append G:\\load\\en\\GEO\\2017\\spatial\geo_2017_g_30000_140_00_py_z6-20171219134541.shp E:\code\Spatial\Connections\OPS$GEODATA_D2CS01.sde\GEO2017_TRACT_P2G3_A TEST # #</Process><Process ToolSource="e:\program files (x86)\arcgis\desktop10.3\ArcToolbox\Toolboxes\Data Management Tools.tbx\Append" Date="20171220" Time="142358">Append G:\\load\\en\\GEO\\2017\\spatial\geo_2017_g_32000_140_00_py_z6-20171219134541.shp E:\code\Spatial\Connections\OPS$GEODATA_D2CS01.sde\GEO2017_TRACT_P2G3_A TEST # #</Process><Process ToolSource="e:\program files (x86)\arcgis\desktop10.3\ArcToolbox\Toolboxes\Data Management Tools.tbx\Append" Date="20171220" Time="142917">Append G:\\load\\en\\GEO\\2017\\spatial\geo_2017_g_22000_140_00_py_z6-20171219134541.shp E:\code\Spatial\Connections\OPS$GEODATA_D2CS01.sde\GEO2017_TRACT_P2G3_A TEST # #</Process><Process ToolSource="e:\program files (x86)\arcgis\desktop10.3\ArcToolbox\Toolboxes\Data Management Tools.tbx\Append" Date="20171220" Time="143153">Append G:\\load\\en\\GEO\\2017\\spatial\geo_2017_g_25000_140_00_py_z6-20171219134541.shp E:\code\Spatial\Connections\OPS$GEODATA_D2CS01.sde\GEO2017_TRACT_P2G3_A TEST # #</Process><Process ToolSource="e:\program files (x86)\arcgis\desktop10.3\ArcToolbox\Toolboxes\Data Management Tools.tbx\Append" Date="20171220" Time="143424">Append G:\\load\\en\\GEO\\2017\\spatial\geo_2017_g_66000_140_00_py_z6-20171219134541.shp E:\code\Spatial\Connections\OPS$GEODATA_D2CS01.sde\GEO2017_TRACT_P2G3_A TEST # #</Process><Process ToolSource="e:\program files (x86)\arcgis\desktop10.3\ArcToolbox\Toolboxes\Data Management Tools.tbx\Append" Date="20171220" Time="143705">Append G:\\load\\en\\GEO\\2017\\spatial\geo_2017_g_04000_140_00_py_z6-20171219134541.shp E:\code\Spatial\Connections\OPS$GEODATA_D2CS01.sde\GEO2017_TRACT_P2G3_A TEST # #</Process><Process ToolSource="e:\program files (x86)\arcgis\desktop10.3\ArcToolbox\Toolboxes\Data Management Tools.tbx\Append" Date="20171220" Time="143721">Append G:\\load\\en\\GEO\\2017\\spatial\geo_2017_g_37000_140_00_py_z6-20171219134541.shp E:\code\Spatial\Connections\OPS$GEODATA_D2CS01.sde\GEO2017_TRACT_P2G3_A TEST # #</Process><Process ToolSource="e:\program files (x86)\arcgis\desktop10.3\ArcToolbox\Toolboxes\Data Management Tools.tbx\Append" Date="20171220" Time="144835">Append G:\\load\\en\\GEO\\2017\\spatial\geo_2017_g_23000_140_00_py_z6-20171219134541.shp E:\code\Spatial\Connections\OPS$GEODATA_D2CS01.sde\GEO2017_TRACT_P2G3_A TEST # #</Process><Process ToolSource="e:\program files (x86)\arcgis\desktop10.3\ArcToolbox\Toolboxes\Data Management Tools.tbx\Append" Date="20171220" Time="145435">Append G:\\load\\en\\GEO\\2017\\spatial\geo_2017_g_26000_140_00_py_z6-20171219134541.shp E:\code\Spatial\Connections\OPS$GEODATA_D2CS01.sde\GEO2017_TRACT_P2G3_A TEST # #</Process><Process ToolSource="e:\program files (x86)\arcgis\desktop10.3\ArcToolbox\Toolboxes\Data Management Tools.tbx\Append" Date="20171220" Time="150220">Append G:\\load\\en\\GEO\\2017\\spatial\geo_2017_g_11000_140_00_py_z6-20171219134541.shp E:\code\Spatial\Connections\OPS$GEODATA_D2CS01.sde\GEO2017_TRACT_P2G3_A TEST # #</Process><Process ToolSource="e:\program files (x86)\arcgis\desktop10.3\ArcToolbox\Toolboxes\Data Management Tools.tbx\Append" Date="20171220" Time="150558">Append G:\\load\\en\\GEO\\2017\\spatial\geo_2017_g_54000_140_00_py_z6-20171219134541.shp E:\code\Spatial\Connections\OPS$GEODATA_D2CS01.sde\GEO2017_TRACT_P2G3_A TEST # #</Process><Process ToolSource="e:\program files (x86)\arcgis\desktop10.3\ArcToolbox\Toolboxes\Data Management Tools.tbx\Append" Date="20171220" Time="150843">Append G:\\load\\en\\GEO\\2017\\spatial\geo_2017_g_18000_140_00_py_z6-20171219134541.shp E:\code\Spatial\Connections\OPS$GEODATA_D2CS01.sde\GEO2017_TRACT_P2G3_A TEST # #</Process><Process ToolSource="e:\program files (x86)\arcgis\desktop10.3\ArcToolbox\Toolboxes\Data Management Tools.tbx\Append" Date="20171220" Time="151005">Append G:\\load\\en\\GEO\\2017\\spatial\geo_2017_g_28000_140_00_py_z6-20171219134541.shp E:\code\Spatial\Connections\OPS$GEODATA_D2CS01.sde\GEO2017_TRACT_P2G3_A TEST # #</Process><Process ToolSource="e:\program files (x86)\arcgis\desktop10.3\ArcToolbox\Toolboxes\Data Management Tools.tbx\Append" Date="20171220" Time="151142">Append G:\\load\\en\\GEO\\2017\\spatial\geo_2017_g_08000_140_00_py_z6-20171219134541.shp E:\code\Spatial\Connections\OPS$GEODATA_D2CS01.sde\GEO2017_TRACT_P2G3_A TEST # #</Process><Process ToolSource="e:\program files (x86)\arcgis\desktop10.3\ArcToolbox\Toolboxes\Data Management Tools.tbx\Append" Date="20171220" Time="151156">Append G:\\load\\en\\GEO\\2017\\spatial\geo_2017_g_72000_140_00_py_z6-20171219134541.shp E:\code\Spatial\Connections\OPS$GEODATA_D2CS01.sde\GEO2017_TRACT_P2G3_A TEST # #</Process><Process ToolSource="e:\program files (x86)\arcgis\desktop10.3\ArcToolbox\Toolboxes\Data Management Tools.tbx\Append" Date="20171220" Time="151258">Append G:\\load\\en\\GEO\\2017\\spatial\geo_2017_g_21000_140_00_py_z6-20171219134541.shp E:\code\Spatial\Connections\OPS$GEODATA_D2CS01.sde\GEO2017_TRACT_P2G3_A TEST # #</Process><Process ToolSource="e:\program files (x86)\arcgis\desktop10.3\ArcToolbox\Toolboxes\Data Management Tools.tbx\Append" Date="20171220" Time="151404">Append G:\\load\\en\\GEO\\2017\\spatial\geo_2017_g_78000_140_00_py_z6-20171219134541.shp E:\code\Spatial\Connections\OPS$GEODATA_D2CS01.sde\GEO2017_TRACT_P2G3_A TEST # #</Process><Process ToolSource="e:\program files (x86)\arcgis\desktop10.3\ArcToolbox\Toolboxes\Data Management Tools.tbx\Append" Date="20171220" Time="152006">Append G:\\load\\en\\GEO\\2017\\spatial\geo_2017_g_46000_140_00_py_z6-20171219134541.shp E:\code\Spatial\Connections\OPS$GEODATA_D2CS01.sde\GEO2017_TRACT_P2G3_A TEST # #</Process><Process ToolSource="e:\program files (x86)\arcgis\desktop10.3\ArcToolbox\Toolboxes\Data Management Tools.tbx\Append" Date="20171220" Time="153033">Append G:\\load\\en\\GEO\\2017\\spatial\geo_2017_g_20000_140_00_py_z6-20171219134541.shp E:\code\Spatial\Connections\OPS$GEODATA_D2CS01.sde\GEO2017_TRACT_P2G3_A TEST # #</Process><Process ToolSource="e:\program files (x86)\arcgis\desktop10.3\ArcToolbox\Toolboxes\Data Management Tools.tbx\Append" Date="20171220" Time="153333">Append G:\\load\\en\\GEO\\2017\\spatial\geo_2017_g_53000_140_00_py_z6-20171219134541.shp E:\code\Spatial\Connections\OPS$GEODATA_D2CS01.sde\GEO2017_TRACT_P2G3_A TEST # #</Process><Process ToolSource="e:\program files (x86)\arcgis\desktop10.3\ArcToolbox\Toolboxes\Data Management Tools.tbx\Append" Date="20171220" Time="153842">Append G:\\load\\en\\GEO\\2017\\spatial\geo_2017_g_49000_140_00_py_z6-20171219134541.shp E:\code\Spatial\Connections\OPS$GEODATA_D2CS01.sde\GEO2017_TRACT_P2G3_A TEST # #</Process><Process ToolSource="e:\program files (x86)\arcgis\desktop10.3\ArcToolbox\Toolboxes\Data Management Tools.tbx\Append" Date="20171220" Time="154609">Append G:\\load\\en\\GEO\\2017\\spatial\geo_2017_g_35000_140_00_py_z6-20171219134541.shp E:\code\Spatial\Connections\OPS$GEODATA_D2CS01.sde\GEO2017_TRACT_P2G3_A TEST # #</Process><Process ToolSource="e:\program files (x86)\arcgis\desktop10.3\ArcToolbox\Toolboxes\Data Management Tools.tbx\Append" Date="20171220" Time="154852">Append G:\\load\\en\\GEO\\2017\\spatial\geo_2017_g_41000_140_00_py_z6-20171219134541.shp E:\code\Spatial\Connections\OPS$GEODATA_D2CS01.sde\GEO2017_TRACT_P2G3_A TEST # #</Process><Process ToolSource="e:\program files (x86)\arcgis\desktop10.3\ArcToolbox\Toolboxes\Data Management Tools.tbx\Append" Date="20171220" Time="154939">Append G:\\load\\en\\GEO\\2017\\spatial\geo_2017_g_51000_140_00_py_z6-20171219134541.shp E:\code\Spatial\Connections\OPS$GEODATA_D2CS01.sde\GEO2017_TRACT_P2G3_A TEST # #</Process><Process ToolSource="e:\program files (x86)\arcgis\desktop10.3\ArcToolbox\Toolboxes\Data Management Tools.tbx\Append" Date="20171220" Time="155302">Append G:\\load\\en\\GEO\\2017\\spatial\geo_2017_g_33000_140_00_py_z6-20171219134541.shp E:\code\Spatial\Connections\OPS$GEODATA_D2CS01.sde\GEO2017_TRACT_P2G3_A TEST # #</Process><Process ToolSource="e:\program files (x86)\arcgis\desktop10.3\ArcToolbox\Toolboxes\Data Management Tools.tbx\Append" Date="20171220" Time="160322">Append G:\\load\\en\\GEO\\2017\\spatial\geo_2017_g_09000_140_00_py_z6-20171219134541.shp E:\code\Spatial\Connections\OPS$GEODATA_D2CS01.sde\GEO2017_TRACT_P2G3_A TEST # #</Process><Process ToolSource="e:\program files (x86)\arcgis\desktop10.3\ArcToolbox\Toolboxes\Data Management Tools.tbx\Append" Date="20171220" Time="160401">Append G:\\load\\en\\GEO\\2017\\spatial\geo_2017_g_34000_140_00_py_z6-20171219134541.shp E:\code\Spatial\Connections\OPS$GEODATA_D2CS01.sde\GEO2017_TRACT_P2G3_A TEST # #</Process><Process ToolSource="e:\program files (x86)\arcgis\desktop10.3\ArcToolbox\Toolboxes\Data Management Tools.tbx\Append" Date="20171220" Time="160518">Append G:\\load\\en\\GEO\\2017\\spatial\geo_2017_g_15000_140_00_py_z6-20171219134541.shp E:\code\Spatial\Connections\OPS$GEODATA_D2CS01.sde\GEO2017_TRACT_P2G3_A TEST # #</Process><Process ToolSource="e:\program files (x86)\arcgis\desktop10.3\ArcToolbox\Toolboxes\Data Management Tools.tbx\Append" Date="20171220" Time="161007">Append G:\\load\\en\\GEO\\2017\\spatial\geo_2017_g_36000_140_00_py_z6-20171219134541.shp E:\code\Spatial\Connections\OPS$GEODATA_D2CS01.sde\GEO2017_TRACT_P2G3_A TEST # #</Process><Process ToolSource="e:\program files (x86)\arcgis\desktop10.3\ArcToolbox\Toolboxes\Data Management Tools.tbx\Append" Date="20171220" Time="163103">Append G:\\load\\en\\GEO\\2017\\spatial\geo_2017_g_30000_140_00_py_z6-20171219134541.shp E:\code\Spatial\Connections\OPS$GEODATA_D2CS01.sde\GEO2017_TRACT_P2G3_A TEST # #</Process><Process ToolSource="e:\program files (x86)\arcgis\desktop10.3\ArcToolbox\Toolboxes\Data Management Tools.tbx\Append" Date="20171220" Time="163509">Append G:\\load\\en\\GEO\\2017\\spatial\geo_2017_g_06000_140_00_py_z6-20171219134541.shp E:\code\Spatial\Connections\OPS$GEODATA_D2CS01.sde\GEO2017_TRACT_P2G3_A TEST # #</Process><Process ToolSource="e:\program files (x86)\arcgis\desktop10.3\ArcToolbox\Toolboxes\Data Management Tools.tbx\Append" Date="20171220" Time="163555">Append G:\\load\\en\\GEO\\2017\\spatial\geo_2017_g_50000_140_00_py_z6-20171219134541.shp E:\code\Spatial\Connections\OPS$GEODATA_D2CS01.sde\GEO2017_TRACT_P2G3_A TEST # #</Process><Process ToolSource="e:\program files (x86)\arcgis\desktop10.3\ArcToolbox\Toolboxes\Data Management Tools.tbx\Append" Date="20171220" Time="164114">Append G:\\load\\en\\GEO\\2017\\spatial\geo_2017_g_24000_140_00_py_z6-20171219134541.shp E:\code\Spatial\Connections\OPS$GEODATA_D2CS01.sde\GEO2017_TRACT_P2G3_A TEST # #</Process><Process ToolSource="e:\program files (x86)\arcgis\desktop10.3\ArcToolbox\Toolboxes\Data Management Tools.tbx\Append" Date="20171220" Time="164856">Append G:\\load\\en\\GEO\\2017\\spatial\geo_2017_g_55000_140_00_py_z6-20171219134541.shp E:\code\Spatial\Connections\OPS$GEODATA_D2CS01.sde\GEO2017_TRACT_P2G3_A TEST # #</Process><Process ToolSource="e:\program files (x86)\arcgis\desktop10.3\ArcToolbox\Toolboxes\Data Management Tools.tbx\Append" Date="20171220" Time="170126">Append G:\\load\\en\\GEO\\2017\\spatial\geo_2017_g_29000_140_00_py_z6-20171219134541.shp E:\code\Spatial\Connections\OPS$GEODATA_D2CS01.sde\GEO2017_TRACT_P2G3_A TEST # #</Process><Process ToolSource="e:\program files (x86)\arcgis\desktop10.3\ArcToolbox\Toolboxes\Data Management Tools.tbx\Append" Date="20171220" Time="170504">Append G:\\load\\en\\GEO\\2017\\spatial\geo_2017_g_27000_140_00_py_z6-20171219134541.shp E:\code\Spatial\Connections\OPS$GEODATA_D2CS01.sde\GEO2017_TRACT_P2G3_A TEST # #</Process><Process ToolSource="e:\program files (x86)\arcgis\desktop10.3\ArcToolbox\Toolboxes\Data Management Tools.tbx\Append" Date="20171220" Time="170702">Append G:\\load\\en\\GEO\\2017\\spatial\geo_2017_g_44000_140_00_py_z6-20171219134541.shp E:\code\Spatial\Connections\OPS$GEODATA_D2CS01.sde\GEO2017_TRACT_P2G3_A TEST # #</Process><Process ToolSource="e:\program files (x86)\arcgis\desktop10.3\ArcToolbox\Toolboxes\Data Management Tools.tbx\Append" Date="20171220" Time="171312">Append G:\\load\\en\\GEO\\2017\\spatial\geo_2017_g_40000_140_00_py_z6-20171219134541.shp E:\code\Spatial\Connections\OPS$GEODATA_D2CS01.sde\GEO2017_TRACT_P2G3_A TEST # #</Process><Process ToolSource="e:\program files (x86)\arcgis\desktop10.3\ArcToolbox\Toolboxes\Data Management Tools.tbx\Append" Date="20171220" Time="171426">Append G:\\load\\en\\GEO\\2017\\spatial\geo_2017_g_39000_140_00_py_z6-20171219134541.shp E:\code\Spatial\Connections\OPS$GEODATA_D2CS01.sde\GEO2017_TRACT_P2G3_A TEST # #</Process><Process ToolSource="e:\program files (x86)\arcgis\desktop10.3\ArcToolbox\Toolboxes\Data Management Tools.tbx\Append" Date="20171220" Time="172412">Append G:\\load\\en\\GEO\\2017\\spatial\geo_2017_g_56000_140_00_py_z6-20171219134541.shp E:\code\Spatial\Connections\OPS$GEODATA_D2CS01.sde\GEO2017_TRACT_P2G3_A TEST # #</Process><Process ToolSource="e:\program files (x86)\arcgis\desktop10.3\ArcToolbox\Toolboxes\Data Management Tools.tbx\Append" Date="20171220" Time="172426">Append G:\\load\\en\\GEO\\2017\\spatial\geo_2017_g_05000_140_00_py_z6-20171219134541.shp E:\code\Spatial\Connections\OPS$GEODATA_D2CS01.sde\GEO2017_TRACT_P2G3_A TEST # #</Process><Process ToolSource="e:\program files (x86)\arcgis\desktop10.3\ArcToolbox\Toolboxes\Data Management Tools.tbx\Append" Date="20171220" Time="172627">Append G:\\load\\en\\GEO\\2017\\spatial\geo_2017_g_47000_140_00_py_z6-20171219134541.shp E:\code\Spatial\Connections\OPS$GEODATA_D2CS01.sde\GEO2017_TRACT_P2G3_A TEST # #</Process><Process ToolSource="e:\program files (x86)\arcgis\desktop10.3\ArcToolbox\Toolboxes\Data Management Tools.tbx\Append" Date="20171220" Time="172907">Append G:\\load\\en\\GEO\\2017\\spatial\geo_2017_g_10000_140_00_py_z6-20171219134541.shp E:\code\Spatial\Connections\OPS$GEODATA_D2CS01.sde\GEO2017_TRACT_P2G3_A TEST # #</Process><Process ToolSource="e:\program files (x86)\arcgis\desktop10.3\ArcToolbox\Toolboxes\Data Management Tools.tbx\Append" Date="20171220" Time="173053">Append G:\\load\\en\\GEO\\2017\\spatial\geo_2017_g_12000_140_00_py_z6-20171219134541.shp E:\code\Spatial\Connections\OPS$GEODATA_D2CS01.sde\GEO2017_TRACT_P2G3_A TEST # #</Process><Process ToolSource="e:\program files (x86)\arcgis\desktop10.3\ArcToolbox\Toolboxes\Data Management Tools.tbx\Append" Date="20171220" Time="173850">Append G:\\load\\en\\GEO\\2017\\spatial\geo_2017_g_16000_140_00_py_z6-20171219134541.shp E:\code\Spatial\Connections\OPS$GEODATA_D2CS01.sde\GEO2017_TRACT_P2G3_A TEST # #</Process><Process ToolSource="e:\program files (x86)\arcgis\desktop10.3\ArcToolbox\Toolboxes\Data Management Tools.tbx\Append" Date="20171220" Time="174256">Append G:\\load\\en\\GEO\\2017\\spatial\geo_2017_g_01000_140_00_py_z6-20171219134541.shp E:\code\Spatial\Connections\OPS$GEODATA_D2CS01.sde\GEO2017_TRACT_P2G3_A TEST # #</Process><Process ToolSource="e:\program files (x86)\arcgis\desktop10.3\ArcToolbox\Toolboxes\Data Management Tools.tbx\Append" Date="20171220" Time="175239">Append G:\\load\\en\\GEO\\2017\\spatial\geo_2017_g_48000_140_00_py_z6-20171219134541.shp E:\code\Spatial\Connections\OPS$GEODATA_D2CS01.sde\GEO2017_TRACT_P2G3_A TEST # #</Process><Process ToolSource="e:\program files (x86)\arcgis\desktop10.3\ArcToolbox\Toolboxes\Data Management Tools.tbx\Append" Date="20171220" Time="175401">Append G:\\load\\en\\GEO\\2017\\spatial\geo_2017_g_13000_140_00_py_z6-20171219134541.shp E:\code\Spatial\Connections\OPS$GEODATA_D2CS01.sde\GEO2017_TRACT_P2G3_A TEST # #</Process><Process ToolSource="e:\program files (x86)\arcgis\desktop10.3\ArcToolbox\Toolboxes\Data Management Tools.tbx\Append" Date="20171220" Time="175930">Append G:\\load\\en\\GEO\\2017\\spatial\geo_2017_g_02000_140_00_py_z6-20171219134541.shp E:\code\Spatial\Connections\OPS$GEODATA_D2CS01.sde\GEO2017_TRACT_P2G3_A TEST # #</Process><Process ToolSource="e:\program files (x86)\arcgis\desktop10.3\ArcToolbox\Toolboxes\Data Management Tools.tbx\Append" Date="20171220" Time="180406">Append G:\\load\\en\\GEO\\2017\\spatial\geo_2017_g_69000_140_00_py_z6-20171219134541.shp E:\code\Spatial\Connections\OPS$GEODATA_D2CS01.sde\GEO2017_TRACT_P2G3_A TEST # #</Process><Process ToolSource="e:\program files (x86)\arcgis\desktop10.3\ArcToolbox\Toolboxes\Data Management Tools.tbx\Append" Date="20171220" Time="181048">Append G:\\load\\en\\GEO\\2017\\spatial\geo_2017_g_45000_140_00_py_z6-20171219134541.shp E:\code\Spatial\Connections\OPS$GEODATA_D2CS01.sde\GEO2017_TRACT_P2G3_A TEST # #</Process><Process ToolSource="e:\program files (x86)\arcgis\desktop10.3\ArcToolbox\Toolboxes\Data Management Tools.tbx\Append" Date="20171220" Time="182752">Append G:\\load\\en\\GEO\\2017\\spatial\geo_2017_g_19000_140_00_py_z6-20171219134541.shp E:\code\Spatial\Connections\OPS$GEODATA_D2CS01.sde\GEO2017_TRACT_P2G3_A TEST # #</Process><Process ToolSource="e:\program files (x86)\arcgis\desktop10.3\ArcToolbox\Toolboxes\Data Management Tools.tbx\Append" Date="20171220" Time="183146">Append G:\\load\\en\\GEO\\2017\\spatial\geo_2017_g_60000_140_00_py_z6-20171219134541.shp E:\code\Spatial\Connections\OPS$GEODATA_D2CS01.sde\GEO2017_TRACT_P2G3_A TEST # #</Process><Process ToolSource="e:\program files (x86)\arcgis\desktop10.3\ArcToolbox\Toolboxes\Data Management Tools.tbx\Append" Date="20171220" Time="184050">Append G:\\load\\en\\GEO\\2017\\spatial\geo_2017_g_42000_140_00_py_z6-20171219134541.shp E:\code\Spatial\Connections\OPS$GEODATA_D2CS01.sde\GEO2017_TRACT_P2G3_A TEST # #</Process><Process ToolSource="e:\program files (x86)\arcgis\desktop10.3\ArcToolbox\Toolboxes\Data Management Tools.tbx\Append" Date="20171220" Time="184135">Append G:\\load\\en\\GEO\\2017\\spatial\geo_2017_g_17000_140_00_py_z6-20171219134541.shp E:\code\Spatial\Connections\OPS$GEODATA_D2CS01.sde\GEO2017_TRACT_P2G3_A TEST # #</Process><Process ToolSource="e:\program files (x86)\arcgis\desktop10.3\ArcToolbox\Toolboxes\Data Management Tools.tbx\Append" Date="20171220" Time="184634">Append G:\\load\\en\\GEO\\2017\\spatial\geo_2017_g_38000_140_00_py_z6-20171219134541.shp E:\code\Spatial\Connections\OPS$GEODATA_D2CS01.sde\GEO2017_TRACT_P2G3_A TEST # #</Process><Process ToolSource="e:\program files (x86)\arcgis\desktop10.3\ArcToolbox\Toolboxes\Data Management Tools.tbx\Append" Date="20171220" Time="184932">Append G:\\load\\en\\GEO\\2017\\spatial\geo_2017_g_31000_140_00_py_z6-20171219134541.shp E:\code\Spatial\Connections\OPS$GEODATA_D2CS01.sde\GEO2017_TRACT_P2G3_A TEST # #</Process><Process ToolSource="e:\program files (x86)\arcgis\desktop10.3\ArcToolbox\Toolboxes\Data Management Tools.tbx\Append" Date="20171221" Time="163703">Append G:\\load\\en\\GEO\\2017\\spatial\geo_2017_g_32000_140_00_py_z6-20171219134541.shp E:\code\Spatial\Connections\OPS$GEODATA_D2CS01.sde\GEO2017_TRACT_P2G3_A TEST # #</Process><Process ToolSource="e:\program files (x86)\arcgis\desktop10.3\ArcToolbox\Toolboxes\Data Management Tools.tbx\RemoveSpatialIndex" Date="20171227" Time="165129">RemoveSpatialIndex E:\code\Spatial\Connections\OPS$GEODATA_D2CS01.sde\GEO2017_TRACT_P2G3_A</Process><Process ToolSource="e:\program files (x86)\arcgis\desktop10.3\ArcToolbox\Toolboxes\Data Management Tools.tbx\AddSpatialIndex" Date="20171227" Time="165135">AddSpatialIndex E:\code\Spatial\Connections\OPS$GEODATA_D2CS01.sde\GEO2017_TRACT_P2G3_A 76000 6764000 0</Process><Process ToolSource="e:\program files (x86)\arcgis\desktop10.3\ArcToolbox\Toolboxes\Data Management Tools.tbx\RemoveSpatialIndex" Date="20180525" Time="121349">RemoveSpatialIndex E:\code\Spatial\Connections\OPS$GEODATA_D2CS01.sde\GEO2017_TRACT_P2G3_A</Process><Process ToolSource="e:\program files (x86)\arcgis\desktop10.3\ArcToolbox\Toolboxes\Data Management Tools.tbx\AddSpatialIndex" Date="20180525" Time="121358">AddSpatialIndex E:\code\Spatial\Connections\OPS$GEODATA_D2CS01.sde\GEO2017_TRACT_P2G3_A 76000 6764000 0</Process></lineage><itemProps><itemName Sync="TRUE">EUS0</itemName><imsContentType Sync="TRUE">002</imsContentType><itemSize Sync="TRUE">0.000</itemSize><itemLocation><linkage Sync="TRUE">file://\\DADSB309\E\arcgisserver\directories\arcgisjobs\shapedownload_gpserver\j6c217f79f6634066872d9daa233b54b6\scratch\EUS0.shp</linkage><protocol Sync="TRUE">Local Area Network</protocol></itemLocation></itemProps><coordRef><type Sync="TRUE">Projected</type><geogcsn Sync="TRUE">GCS_WGS_1984</geogcsn><csUnits Sync="TRUE">Linear Unit: Meter (1.000000)</csUnits><projcsn Sync="TRUE">WGS_1984_Web_Mercator_Auxiliary_Sphere</projcsn><peXml Sync="TRUE">&lt;ProjectedCoordinateSystem xsi:type='typens:ProjectedCoordinateSystem' xmlns:xsi='http://www.w3.org/2001/XMLSchema-instance' xmlns:xs='http://www.w3.org/2001/XMLSchema' xmlns:typens='http://www.esri.com/schemas/ArcGIS/10.5'&gt;&lt;WKT&gt;PROJCS[&amp;quot;WGS_1984_Web_Mercator_Auxiliary_Sphere&amp;quot;,GEOGCS[&amp;quot;GCS_WGS_1984&amp;quot;,DATUM[&amp;quot;D_WGS_1984&amp;quot;,SPHEROID[&amp;quot;WGS_1984&amp;quot;,6378137.0,298.257223563]],PRIMEM[&amp;quot;Greenwich&amp;quot;,0.0],UNIT[&amp;quot;Degree&amp;quot;,0.0174532925199433]],PROJECTION[&amp;quot;Mercator_Auxiliary_Sphere&amp;quot;],PARAMETER[&amp;quot;False_Easting&amp;quot;,0.0],PARAMETER[&amp;quot;False_Northing&amp;quot;,0.0],PARAMETER[&amp;quot;Central_Meridian&amp;quot;,0.0],PARAMETER[&amp;quot;Standard_Parallel_1&amp;quot;,0.0],PARAMETER[&amp;quot;Auxiliary_Sphere_Type&amp;quot;,0.0],UNIT[&amp;quot;Meter&amp;quot;,1.0],AUTHORITY[&amp;quot;EPSG&amp;quot;,3857]]&lt;/WKT&gt;&lt;XOrigin&gt;-20037700&lt;/XOrigin&gt;&lt;YOrigin&gt;-30241100&lt;/YOrigin&gt;&lt;XYScale&gt;148923141.92838538&lt;/XYScale&gt;&lt;ZOrigin&gt;-100000&lt;/ZOrigin&gt;&lt;ZScale&gt;10000&lt;/ZScale&gt;&lt;MOrigin&gt;-100000&lt;/MOrigin&gt;&lt;MScale&gt;10000&lt;/MScale&gt;&lt;XYTolerance&gt;0.001&lt;/XYTolerance&gt;&lt;ZTolerance&gt;0.001&lt;/ZTolerance&gt;&lt;MTolerance&gt;0.001&lt;/MTolerance&gt;&lt;HighPrecision&gt;true&lt;/HighPrecision&gt;&lt;WKID&gt;102100&lt;/WKID&gt;&lt;LatestWKID&gt;3857&lt;/LatestWKID&gt;&lt;/ProjectedCoordinateSystem&gt;</peXml></coordRef></DataProperties><SyncDate>20190509</SyncDate><SyncTime>16484600</SyncTime><ModDate>20190509</ModDate><ModTime>16484600</ModTime></Esri><dataIdInfo><envirDesc Sync="TRUE">Microsoft Windows Server 2008 R2 Version 6.1 (Build 7601) Service Pack 1; Esri ArcGIS 10.5.1.7333</envirDesc><dataLang><languageCode value="eng" Sync="TRUE"></languageCode><countryCode value="USA" Sync="TRUE"></countryCode></dataLang><idCitation><resTitle Sync="TRUE">EUS0</resTitle><presForm><PresFormCd value="005" Sync="TRUE"></PresFormCd></presForm></idCitation><spatRpType><SpatRepTypCd value="001" Sync="TRUE"></SpatRepTypCd></spatRpType></dataIdInfo><mdLang><languageCode value="eng" Sync="TRUE"></languageCode><countryCode value="USA" Sync="TRUE"></countryCode></mdLang><distInfo><distFormat><formatName Sync="TRUE">Shapefile</formatName></distFormat><distTranOps><transSize Sync="TRUE">0.000</transSize></distTranOps></distInfo><mdHrLv><ScopeCd value="005" Sync="TRUE"></ScopeCd></mdHrLv><mdHrLvName Sync="TRUE">dataset</mdHrLvName><refSysInfo><RefSystem><refSysID><identCode code="3857" Sync="TRUE"></identCode><idCodeSpace Sync="TRUE">EPSG</idCodeSpace><idVersion Sync="TRUE">8.8(9.3.1.2)</idVersion></refSysID></RefSystem></refSysInfo><spatRepInfo><VectSpatRep><geometObjs Name="EUS0"><geoObjTyp><GeoObjTypCd value="002" Sync="TRUE"></GeoObjTypCd></geoObjTyp><geoObjCnt Sync="TRUE">0</geoObjCnt></geometObjs><topLvl><TopoLevCd value="001" Sync="TRUE"></TopoLevCd></topLvl></VectSpatRep></spatRepInfo><spdoinfo><ptvctinf><esriterm Name="EUS0"><efeatyp Sync="TRUE">Simple</efeatyp><efeageom code="4" Sync="TRUE"></efeageom><esritopo Sync="TRUE">FALSE</esritopo><efeacnt Sync="TRUE">0</efeacnt><spindex Sync="TRUE">FALSE</spindex><linrefer Sync="TRUE">FALSE</linrefer></esriterm></ptvctinf></spdoinfo><eainfo><detailed Name="EUS0"><enttyp><enttypl Sync="TRUE">EUS0</enttypl><enttypt Sync="TRUE">Feature Class</enttypt><enttypc Sync="TRUE">0</enttypc></enttyp><attr><attrlabl Sync="TRUE">FID</attrlabl><attalias Sync="TRUE">FID</attalias><attrtype Sync="TRUE">OID</attrtype><attwidth Sync="TRUE">4</attwidth><atprecis Sync="TRUE">0</atprecis><attscale Sync="TRUE">0</attscale><attrdef Sync="TRUE">Internal feature number.</attrdef><attrdefs Sync="TRUE">Esri</attrdefs><attrdomv><udom Sync="TRUE">Sequential unique whole numbers that are automatically generated.</udom></attrdomv></attr><attr><attrlabl Sync="TRUE">Shape</attrlabl><attalias Sync="TRUE">Shape</attalias><attrtype Sync="TRUE">Geometry</attrtype><attwidth Sync="TRUE">0</attwidth><atprecis Sync="TRUE">0</atprecis><attscale Sync="TRUE">0</attscale><attrdef Sync="TRUE">Feature geometry.</attrdef><attrdefs Sync="TRUE">Esri</attrdefs><attrdomv><udom Sync="TRUE">Coordinates defining the features.</udom></attrdomv></attr><attr><attrlabl Sync="TRUE">GEO_ID</attrlabl><attalias Sync="TRUE">GEO_ID</attalias><attrtype Sync="TRUE">String</attrtype><attwidth Sync="TRUE">60</attwidth><atprecis Sync="TRUE">0</atprecis><attscale Sync="TRUE">0</attscale></attr><attr><attrlabl Sync="TRUE">STATE</attrlabl><attalias Sync="TRUE">STATE</attalias><attrtype Sync="TRUE">String</attrtype><attwidth Sync="TRUE">2</attwidth><atprecis Sync="TRUE">0</atprecis><attscale Sync="TRUE">0</attscale></attr><attr><attrlabl Sync="TRUE">COUNTY</attrlabl><attalias Sync="TRUE">COUNTY</attalias><attrtype Sync="TRUE">String</attrtype><attwidth Sync="TRUE">3</attwidth><atprecis Sync="TRUE">0</atprecis><attscale Sync="TRUE">0</attscale></attr><attr><attrlabl Sync="TRUE">TRACT</attrlabl><attalias Sync="TRUE">TRACT</attalias><attrtype Sync="TRUE">String</attrtype><attwidth Sync="TRUE">6</attwidth><atprecis Sync="TRUE">0</atprecis><attscale Sync="TRUE">0</attscale></attr><attr><attrlabl Sync="TRUE">NAME</attrlabl><attalias Sync="TRUE">NAME</attalias><attrtype Sync="TRUE">String</attrtype><attwidth Sync="TRUE">90</attwidth><atprecis Sync="TRUE">0</atprecis><attscale Sync="TRUE">0</attscale></attr><attr><attrlabl Sync="TRUE">LSAD</attrlabl><attalias Sync="TRUE">LSAD</attalias><attrtype Sync="TRUE">String</attrtype><attwidth Sync="TRUE">7</attwidth><atprecis Sync="TRUE">0</atprecis><attscale Sync="TRUE">0</attscale></attr><attr><attrlabl Sync="TRUE">SHAPE_AREA</attrlabl><attalias Sync="TRUE">SHAPE_AREA</attalias><attrtype Sync="TRUE">Double</attrtype><attwidth Sync="TRUE">19</attwidth><atprecis Sync="TRUE">0</atprecis><attscale Sync="TRUE">0</attscale><attrdef Sync="TRUE">Area of feature in internal units squared.</attrdef><attrdefs Sync="TRUE">Esri</attrdefs><attrdomv><udom Sync="TRUE">Positive real numbers that are automatically generated.</udom></attrdomv></attr><attr><attrlabl Sync="TRUE">SHAPE_LEN</attrlabl><attalias Sync="TRUE">SHAPE_LEN</attalias><attrtype Sync="TRUE">Double</attrtype><attwidth Sync="TRUE">19</attwidth><atprecis Sync="TRUE">0</atprecis><attscale Sync="TRUE">0</attscale></attr></detailed></eainfo><mdDateSt Sync="TRUE">20190509</mdDateSt></metadata>
